"ID","LAT","LON"
1,42.009,19.612
2,40.634,19.461
3,47.131,10.094
4,47.135,9.837
5,47.258,9.729
6,47.448,9.659
7,47.286,10.048
8,47.328,9.974
9,47.355,9.881
10,47.386,10.041
11,47.448,9.933
12,47.477,9.775
13,47.208,10.141
14,47.243,10.294
15,47.552,10.651
16,46.953,10.512
17,47.267,10.759
18,47.164,10.911
19,47.259,10.875
20,47.263,11.381
21,47.037,11.479
22,47.063,11.5
23,47.093,11.466
24,47.114,11.453
25,47.275,11.414
26,47.491,12.104
27,47.455,12.39
28,47.52,12.403
29,47.52,12.419
30,47.52,12.443
31,47.232,12.247
32,47.284,12.481
33,47.288,12.826
34,47.17,12.813
35,47.238,13.197
36,47.329,13.301
37,47.437,13.217
38,47.584,13.183
39,47.591,13.158
40,47.596,13.164
41,47.709,13.132
42,47.817,13.038
43,47.774,13.004
44,47.366,12.736
45,47.428,12.839
46,47.441,12.82
47,47.523,12.75
48,47.586,12.698
49,47.997,12.878
50,47.383,13.426
51,47.37,13.483
52,47.103,13.488
53,47.094,13.638
54,47.134,13.684
55,47.176,13.707
56,47.135,13.804
57,48.274,13.451
58,48.552,13.771
59,48.605,14.02
60,48.573,14.051
61,48.544,14.033
62,48.235,13.827
63,48.368,14.138
64,47.564,13.722
65,47.614,13.631
66,47.723,13.489
67,47.805,13.764
68,48.028,13.819
69,47.856,13.336
70,47.832,13.338
71,47.954,13.608
72,47.999,13.685
73,48.094,13.842
74,48.052,14.133
75,47.669,14.109
76,47.768,14.17
77,47.727,14.296
78,47.806,14.138
79,47.831,14.16
80,47.894,14.281
81,48.051,14.356
82,48.213,14.779
83,48.279,14.448
84,48.384,16.835
85,48.203,15.004
86,47.974,15.191
87,48.128,15.135
88,48.171,15.175
89,48.204,15.279
90,48.096,15.514
91,48.446,15.568
92,48.535,15.691
93,48.29,15.911
94,48.103,16.614
95,48.772,15.009
96,48.742,15.259
97,48.846,15.5
98,47.771,15.736
99,47.677,15.939
100,47.655,16.131
101,47.852,16.639
102,47.279,16.22
103,47.204,16.393
104,47.229,16.418
105,47.622,13.828
106,47.635,13.769
107,47.638,13.768
108,47.571,13.84
109,47.355,13.713
110,47.398,13.698
111,47.552,14.253
112,47.548,14.306
113,47.605,14.747
114,47.665,14.984
115,47.279,15.691
116,47.111,14.211
117,47.21,14.54
118,47.222,14.576
119,47.378,15.094
120,47.657,15.594
121,47.473,15.255
122,47.427,15.261
123,46.956,15.347
124,46.756,15.205
125,46.719,15.273
126,46.78,15.528
127,46.747,12.447
128,47.016,12.338
129,47.02,12.339
130,47.124,12.452
131,47.119,12.496
132,46.974,12.552
133,47.026,12.632
134,47.026,12.635
135,46.832,12.767
136,46.748,12.974
137,46.828,13.35
138,46.983,13.174
139,46.906,13.537
140,47.015,13.382
141,46.703,12.741
142,46.669,13
143,46.624,13.254
144,46.62,13.374
145,46.582,13.616
146,46.538,14.594
147,46.786,13.933
148,46.85,14.201
149,46.901,14.439
150,46.758,14.533
151,46.607,14.479
152,46.896,14.869
153,46.664,14.946
154,42.72,23.183
155,43.15,23.943
156,42.9,24.199
157,42.911,24.292
158,42.869,24.713
159,42.822,24.771
160,42.917,24.71
161,43.128,24.713
162,43.456,25.053
163,42.979,25.092
164,42.843,25.088
165,42.184,24.321
166,42.155,24.739
167,41.934,25.901
168,44.814,15.872
169,43.183,17.523
170,44.765,16.666
171,43.888,18.327
172,44.222,17.908
173,44.444,18.154
174,44.494,16.136
175,43.206,17.789
176,47.16,7.547
177,46.746,8.092
178,46.884,8.621
179,46.376,8.969
180,46.643,8.59
181,46.663,9.574
182,47.578,7.595
183,46.911,6.559
184,46.274,7.882
185,46.517,8.672
186,46.469,8.245
187,46.284,9.118
188,46.949,6.839
189,46.973,8.405
190,50.078,16.135
191,49.817,15.595
192,49.288,14.471
193,49.197,13.885
194,49.317,14.144
195,49.84,14.674
196,49.553,13.071
197,49.958,14.088
198,50.003,14.403
199,50.089,17.709
200,49.92,18.327
201,50.373,17.183
202,49.577,17.261
203,49.53,17.746
204,49.302,17.399
205,49.369,16.719
206,48.712,10.803
207,47.525,10.261
208,47.424,10.279
209,47.349,10.311
210,47.506,10.325
211,47.532,10.301
212,47.559,10.109
213,47.699,10.344
214,47.769,10.338
215,48.616,10.428
216,48.409,10.889
217,47.582,10.559
218,47.555,10.517
219,47.588,10.685
220,47.588,10.753
221,47.728,10.893
222,47.586,10.41
223,47.827,10.644
224,48.064,10.653
225,47.749,10.585
226,47.828,10.655
227,48.817,11.832
228,48.884,11.202
229,49.031,11.367
230,49.172,11.729
231,49.029,11.916
232,49.799,12.166
233,49.837,12.064
234,49.609,12.13
235,49.719,11.917
236,49.573,12.342
237,49.52,12.266
238,49.338,12.517
239,49.406,12.212
240,49.437,12.598
241,49.449,11.856
242,49.266,11.927
243,49.495,11.799
244,49.293,11.816
245,49.182,12.748
246,49.191,12.497
247,49.224,12.177
248,49.044,13.002
249,49.02,13.232
250,49.038,12.998
251,49.302,12.837
252,49.241,12.735
253,49.038,12.253
254,48.916,12.427
255,48.854,12.963
256,47.685,11.573
257,47.78,11.541
258,47.917,11.447
259,48.146,11.598
260,48.399,11.754
261,48.528,12.135
262,48.676,12.694
263,48.772,12.885
264,47.428,11.256
265,47.519,11.444
266,47.554,11.541
267,47.583,11.608
268,47.588,11.542
269,47.612,11.504
270,47.74,11.578
271,47.762,11.573
272,47.503,11.09
273,47.668,11.326
274,47.667,11.364
275,47.836,11.416
276,47.481,11.117
277,48.08,11.13
278,48.178,11.263
279,47.595,11.065
280,47.779,11.059
281,47.847,11.135
282,47.694,11.123
283,47.769,11.125
284,47.924,11.111
285,48.07,11.098
286,48.03,11.364
287,48.607,12.695
288,48.612,13.147
289,48.453,12.366
290,48.629,13.375
291,48.732,13.439
292,48.838,13.355
293,48.819,13.354
294,48.72,13.47
295,48.85,13.544
296,48.825,13.565
297,48.727,13.523
298,47.645,12.198
299,48.24,12.53
300,48.562,13.446
301,47.615,12.158
302,47.659,12.155
303,47.708,12.172
304,47.747,12.183
305,47.851,12.188
306,47.774,11.77
307,47.896,11.785
308,47.894,11.854
309,47.676,11.768
310,47.627,11.754
311,47.693,11.775
312,47.71,11.935
313,47.888,11.831
314,47.923,11.992
315,47.862,12.012
316,47.994,12.012
317,48.024,12.148
318,47.935,12.482
319,48.005,12.533
320,47.781,12.478
321,47.992,12.544
322,47.82,12.645
323,47.828,12.651
324,47.941,12.935
325,48.159,12.836
326,47.615,12.955
327,47.641,12.972
328,47.617,12.998
329,47.682,12.824
330,47.918,12.829
331,48.437,13.074
332,50.166,11.153
333,49.952,10.875
334,49.718,9.226
335,50.039,11.677
336,50.096,11.526
337,50.07,11.552
338,50.121,11.617
339,50.181,11.526
340,50.134,11.528
341,49.908,11.622
342,49.95,11.568
343,50.076,11.428
344,49.971,11.685
345,50.092,11.24
346,50.354,11.513
347,50.269,11.543
348,50.272,11.464
349,50.323,11.286
350,50.292,11.368
351,50.25,10.963
352,50.298,11.053
353,50.179,10.844
354,50.241,10.788
355,50.003,10.843
356,49.547,10.975
357,49.437,10.993
358,49.306,10.567
359,49.196,10.889
360,49.37,11.379
361,49.356,11.143
362,49.527,11.493
363,49.457,11.054
364,49.5,11.527
365,49.494,10.755
366,49.598,11.216
367,49.936,11.292
368,49.791,11.335
369,49.727,10.933
370,49.801,10.928
371,49.91,10.3
372,50.311,10.194
373,50.181,10.075
374,50.089,9.737
375,50.35,10.157
376,50.309,9.79
377,50.202,9.618
378,50.075,9.688
379,50.026,9.541
380,49.326,10.195
381,49.682,9.219
382,49.828,9.217
383,49.996,9.188
384,50.264,11.934
385,50.247,12.021
386,50.287,11.982
387,50.369,11.692
388,51.519,13.394
389,51.562,13.482
390,51.577,14.37
391,51.763,14.342
392,51.976,13.618
393,52.005,13.112
394,53.079,11.625
395,51.673,14.748
396,51.969,14.707
397,50.183,8.742
398,50.907,8.534
399,51.035,8.624
400,51.073,9.33
401,53.856,11.117
402,53.523,11.521
403,53.745,11.832
404,53.659,11.571
405,53.799,12.169
406,53.736,11.836
407,53.645,12.035
408,53.858,13.685
409,53.663,12.554
410,53.792,13.311
411,53.516,13.994
412,53.32,11.021
413,52.42,7.379
414,52.322,7.953
415,52.404,7.981
416,52.56,7.955
417,52.721,7.84
418,52.683,7.602
419,52.696,7.348
420,52.573,10.32
421,52.87,7.948
422,51.644,9.641
423,51.945,9.613
424,52.006,9.339
425,52.155,9.095
426,52.482,10.467
427,52.033,10.547
428,52.123,10.567
429,52.338,10.49
430,52.353,10.432
431,52.507,6.966
432,52.624,10.243
433,52.74,10.035
434,52.636,9.845
435,51.554,9.918
436,51.589,10.306
437,51.566,10.313
438,51.572,10.221
439,51.652,10.256
440,51.686,10.109
441,51.694,10.124
442,51.813,9.771
443,51.846,9.848
444,51.87,10.012
445,51.865,9.943
446,52.108,9.699
447,52.137,9.763
448,52.015,10.364
449,51.943,10.125
450,52.104,10.026
451,52.775,9.906
452,52.887,9.751
453,52.731,9.404
454,52.887,9.418
455,53.077,9.207
456,52.829,8.474
457,52.904,10.468
458,53.151,10.466
459,53.344,10.193
460,53.394,10.015
461,53.277,9.786
462,53.388,9.721
463,53.344,9.543
464,53.341,9.171
465,52.602,6.857
466,50.939,8.325
467,50.861,7.741
468,50.987,7.665
469,51.226,6.917
470,51.224,6.976
471,50.755,6.773
472,51.348,8.28
473,51.408,7.992
474,51.159,8.374
475,51.109,8.1
476,51.542,8.526
477,51.663,8.089
478,51.59,8.184
479,51.715,7.298
480,51.731,7.187
481,51.699,6.383
482,50.555,6.246
483,50.475,6.475
484,50.525,6.468
485,50.578,6.491
486,50.693,6.452
487,50.86,6.434
488,50.897,6.374
489,50.925,6.349
490,50.981,6.275
491,51.098,6.105
492,51.322,6.372
493,51.391,6.336
494,51.684,6.151
495,51.973,7.898
496,51.833,7.881
497,51.903,7.782
498,51.05,8.284
499,51.031,8.386
500,52.055,8.767
501,52.133,8.671
502,51.984,7.221
503,52.239,7.293
504,52.109,7.357
505,49.211,8.05
506,49.354,8.133
507,49.805,7.537
508,49.69,7.653
509,49.852,6.36
510,49.884,6.462
511,49.255,7.42
512,49.828,6.941
513,50.503,7.446
514,50.794,7.865
515,53.542,10.299
516,54.01,9.807
517,50.355,12.473
518,50.928,14.189
519,50.917,13.979
520,50.729,13.703
521,50.804,13.611
522,50.981,13.617
523,51.478,14.199
524,51.201,14.299
525,51.263,13.933
526,51.292,13.501
527,50.633,12.681
528,50.86,13.395
529,51.069,13.267
530,51.156,12.815
531,50.778,13.425
532,51.078,13.15
533,50.612,12.962
534,50.685,13.057
535,50.887,13.022
536,51.056,13.023
537,50.618,13.058
538,50.78,13.16
539,50.62,13.362
540,50.684,13.214
541,50.428,12.091
542,50.612,12.274
543,51.332,14.532
544,51.254,14.814
545,51.155,14.925
546,51.5,14.389
547,50.898,14.839
548,51.021,14.787
549,51.846,10.657
550,51.996,10.654
551,51.858,12.648
552,51.859,12.061
553,51.992,11.884
554,51.158,11.833
555,51.522,11.956
556,51.804,11.738
557,51.918,11.811
558,51.227,11.685
559,51.457,11.12
560,51.566,10.959
561,51.45,11.006
562,51.471,11.131
563,51.058,12.145
564,51.577,11.28
565,51.608,11.469
566,51.754,11.529
567,51.835,11.21
568,51.889,11.191
569,52.007,11.321
570,51.701,10.73
571,51.74,10.767
572,51.745,10.685
573,51.694,10.792
574,51.633,11.099
575,51.693,11.285
576,52.395,11.309
577,52.247,11.624
578,50.43,11.159
579,50.575,10.417
580,50.835,10.049
581,50.963,10.073
582,51.098,10.275
583,50.519,10.793
584,50.546,10.476
585,50.608,10.681
586,50.719,10.396
587,50.808,9.976
588,50.975,10.344
589,50.982,10.346
590,51.379,9.97
591,50.614,11.442
592,50.717,11.334
593,51.072,11.694
594,50.568,11.749
595,50.602,11.445
596,50.559,11.058
597,50.76,11.543
598,50.697,11.018
599,50.942,11.388
600,51.072,11.579
601,51.232,10.447
602,51.107,10.711
603,51.152,10.985
604,51.301,11.18
605,50.809,10.933
606,50.925,10.988
607,50.684,10.782
608,50.712,10.83
609,50.888,10.985
610,50.83,10.663
611,50.92,10.956
612,51.257,10.891
613,51.451,10.648
614,51.347,10.973
615,51.45,10.593
616,51.468,10.81
617,51.507,10.784
618,51.598,10.786
619,50.656,12.199
620,50.912,12.045
621,50.762,12.062
622,50.891,12.431
623,48.88,12.747
624,48.582,13.504
625,47.561,7.8
626,47.556,7.6
627,48.707,9.419
628,49.073,9.16
629,49.438,9.005
630,49.641,8.376
631,50.031,10.221
632,49.796,9.926
633,50.004,8.275
634,50.545,8.355
635,50.318,7.89
636,49.409,6.648
637,49.733,6.624
638,50.143,7.168
639,52.094,7.603
640,52.281,7.434
641,51.125,10.197
642,51.004,9.721
643,51.193,9.498
644,51.156,8.898
645,51.164,9.085
646,51.227,9.469
647,51.426,9.641
648,51.615,9.451
649,51.648,9.438
650,51.776,9.4
651,52.249,8.922
652,52.594,9.113
653,52.852,9.211
654,52.622,10.063
655,52.682,9.704
656,52.388,9.676
657,52.683,9.603
658,52.789,9.383
659,52.964,9.125
660,51.06,13.739
661,51.559,13.011
662,52.135,11.645
663,52.547,11.978
664,51.974,9.516
665,52.613,12.321
666,52.829,12.077
667,52.172,14.254
668,52.52,13.412
669,52.536,13.216
670,52.303,13.649
671,56.89,8.48
672,56.911,10.034
673,56.304,9.16
674,56.051,9.717
675,55.903,9.612
676,55.985,9.1
677,56.137,10.041
678,57.401,10.1
679,55.704,9.442
680,55.591,9.649
681,55.41,8.84
682,55.268,9.167
683,54.928,8.932
684,55.257,10.232
685,55.368,10.267
686,55.85,12.123
687,55.902,12.153
688,55.642,11.351
689,55.358,11.357
690,55.501,11.367
691,55.255,11.519
692,55.401,11.717
693,55.336,12.207
694,57.16,9.915
695,43.352,-5.131
696,43.419,-5.892
697,43.194,-6.544
698,43.345,-6.203
699,43.414,-7.143
700,42.413,-6.816
701,42.511,-7.341
702,42.732,-4.446
703,41.574,-3.084
704,42.044,-3.269
705,42.08,-4.072
706,42.898,-4.884
707,41.744,-4.638
708,41.669,-4.717
709,40.951,-4.148
710,40.749,-4.148
711,40.821,-4.282
712,41.506,-4.928
713,41.493,-4.769
714,42.054,-5.749
715,42.662,-5.033
716,40.596,-1.931
717,40.697,-2.585
718,37.876,-2.659
719,42.689,-2.954
720,42.629,-2.441
721,42.58,-0.553
722,42.437,0.079
723,42.106,-2.331
724,42.195,0.397
725,42.657,-0.785
726,42.633,-1.012
727,42.625,-1.294
728,42.889,-1.606
729,42.682,-2.883
730,42.597,-1.642
731,41.037,-0.9
732,42.076,-2.01
733,43.231,-2.4
734,43.296,-1.729
735,43.299,-1.875
736,43.312,-2.464
737,43.202,-2.77
738,43.356,-3.328
739,43.303,-3.966
740,43.318,-4.606
741,43.368,-5.183
742,43.371,-5.288
743,43.168,-5.729
744,43.503,-6.435
745,43.531,-6.534
746,43.057,-6.874
747,43.53,-6.875
748,43.349,-7.191
749,43.478,-7.334
750,43.558,-7.376
751,43.619,-7.59
752,43.641,-7.907
753,43.534,-8.077
754,43.249,-8.055
755,42.958,-8.646
756,42.859,-8.019
757,42.778,-8.336
758,42.604,-8.641
759,43.173,-7.792
760,43.15,-7.689
761,43.003,-7.562
762,42.757,-7.383
763,42.182,-8.51
764,42.068,-8.635
765,42.647,-6.731
766,41.913,-2.757
767,40.343,-5.185
768,41.285,-3.471
769,41.302,-3.736
770,42.055,-3.508
771,42.058,-4.238
772,42.324,-4.523
773,40.651,-4.706
774,40.718,-4.538
775,41.831,-3.789
776,41.157,-4.343
777,41.114,-4.123
778,42.809,-5.63
779,42.372,-5.037
780,42.704,-5.901
781,42.99,-5.258
782,42.726,-5.933
783,42.224,-6.251
784,41.873,-5.764
785,41.889,-2.786
786,40.67,-5.654
787,42.424,-3.681
788,41.774,-5.497
789,41.49,-5.386
790,42.171,-5.269
791,40.848,-3.885
792,40.445,-2.31
793,40.172,-6.102
794,40.113,-5.944
795,40.503,-5.945
796,40.22,-6.317
797,40.426,-6.013
798,40.486,-6.005
799,40.01,-5.914
800,40.15,-5.356
801,40.157,-5.245
802,40.111,-5.581
803,40.007,-5.713
804,40.385,-6.188
805,40.425,-6.142
806,40.304,-6.263
807,39.725,-5.583
808,40.217,-6.44
809,38.884,-6.976
810,38.851,-3.148
811,37.96,-6.744
812,37.977,-6.953
813,37.979,-6.943
814,39.644,-3.08
815,39.172,-3.97
816,39.378,-5.028
817,39.381,-5.377
818,38.955,-6.52
819,37.116,-3.471
820,37.26,-3.768
821,37.157,-4.206
822,37.311,-4.186
823,38.544,-1.963
824,38.044,-0.976
825,40.417,-1.587
826,38.894,-0.494
827,39.819,-2.345
828,39.854,-2.287
829,39.672,-1.561
830,40.11,-1.287
831,39.74,-2.205
832,40.223,-1.847
833,38.898,-2.252
834,38.904,-2.118
835,39.741,-1.634
836,39.722,-1.703
837,39.753,-1.57
838,38.662,-0.098
839,42.182,-1.693
840,42.375,-1.948
841,42.317,-1.8
842,42.345,-1.65
843,41.66,-0.88
844,42.177,-0.751
845,40.781,-0.154
846,41.914,-0.124
847,42.163,-2.905
848,42.5,-2.683
849,42.021,-2.222
850,42.221,0.045
851,41.906,-1.941
852,42.479,0.151
853,40.826,0.187
854,41.191,-1.877
855,42.578,-0.753
856,42.715,-1.16
857,42.948,-1.254
858,42.834,-1.789
859,42.792,-1.789
860,42.694,-2.048
861,42.673,-2.035
862,42.554,-1.254
863,42.679,-2.895
864,42.864,-0.819
865,42.766,-1.953
866,41.735,-1.174
867,40.628,-0.598
868,42.804,-3.4
869,42.736,-3.413
870,42.03,0.133
871,42.286,1.04
872,40.803,0.131
873,41.229,0.551
874,42.554,1.329
875,42.459,0.663
876,42.636,1.253
877,42.254,0.98
878,42.167,1.302
879,42.487,-2.529
880,42.748,-1.925
881,42.751,-1.935
882,40.939,0.275
883,40.739,0.024
884,42.264,-3.032
885,42.388,-3.212
886,42.843,-1.588
887,41.188,0.571
888,42.809,-3.356
889,42.612,-0.997
890,42.615,0.348
891,42.544,0.196
892,43.003,-4.162
893,42.248,0.965
894,41.336,-1.789
895,42.631,-0.106
896,42.987,-4.135
897,42.932,-3.479
898,42.374,1.816
899,42.427,0.389
900,41.643,-1.639
901,42.861,-0.926
902,58.38,26.726
903,58.463,24.768
904,38.443,23.205
905,38.668,22.546
906,38.558,22.806
907,38.567,22.853
908,38.432,22.968
909,38.85,22.441
910,38.834,22.395
911,38.868,22.364
912,38.944,22.211
913,39.455,21.034
914,40.049,20.749
915,39.72,20.605
916,39.659,22.257
917,39.641,22.412
918,39.653,22.408
919,39.866,22.516
920,39.896,22.61
921,39.632,22.383
922,39.309,22.528
923,39.151,22.479
924,39.669,21.633
925,39.512,21.752
926,39.461,21.6
927,39.754,22.099
928,39.57,22.079
929,39.406,21.664
930,38.944,22.033
931,39.506,21.837
932,39.5,22.806
933,37.844,22.503
934,37.847,22.492
935,37.835,22.607
936,37.844,22.637
937,37.881,22.513
938,37.869,22.466
939,37.851,22.469
940,37.909,22.315
941,41.112,23.278
942,38.55,21.415
943,38.452,21.701
944,38.54,21.398
945,38.574,21.29
946,38.856,20.937
947,38.051,21.716
948,38.027,22.077
949,38.787,21.038
950,36.954,21.756
951,37.158,21.979
952,37.54,22.046
953,41.144,24.891
954,40.928,26.205
955,41.315,26.107
956,40.941,26.32
957,41.362,26.63
958,40.928,26.278
959,35.406,23.957
960,35.459,24.154
961,35.041,25.154
962,40.899,23.813
963,40.943,23.698
964,41.056,23.341
965,41.281,23.332
966,41.347,23.348
967,40.987,22.558
968,41.004,22.557
969,41.022,22.524
970,40.814,22.163
971,40.263,22.407
972,40.334,23.355
973,38.437,23.229
974,50.53,16.19
975,50.48,16.18
976,50.07,16.55
977,50.73,15.42
978,50.64,15.52
979,50.655,15.326
980,50.17,12.85
981,50.79,14.23
982,49.55,16.57
983,49.44,18.8
984,50.04,16.91
985,49.96,17
986,48.71,18.24
987,48.83,20.09
988,48.83,19.11
989,49.867,16.838
990,48.66,18.49
991,49.38,15.51
992,49.54,16.54
993,49.68,16.19
994,47.24,6.03
995,47.31,6.79
996,47.14,5.96
997,45.91,6.86
998,46.37,5.8
999,44.41,5.35
1000,44.95,5.87
1001,45.45,6.58
1002,45.48,6.53
1003,44.69,5.21
1004,44.62,5.44
1005,44.81,6.2
1006,46.62,5.96
1007,46.64,6.03
1008,46.33,6.59
1009,46.3,4.83
1010,47.27,6.95
1011,47.06,6.23
1012,40.57,-8.45
1013,40.52,-7.97
1014,38.06,-8.41
1015,41.81,-6.99
1016,47.39,-0.86
1017,44.41,0.22
1018,45.03,0.25
1019,45.38,0.95
1020,44.83,2.68
1021,45.38,2.13
1022,45.07,1.16
1023,45.16,1.54
1024,45.37,1.88
1025,45.47,1.96
1026,45.64,2.49
1027,45.604,2.688
1028,46.177,2.551
1029,45.7,3.87
1030,45.06,3.91
1031,45.551,3.112
1032,44.77,3.71
1033,44.76,3.84
1034,45.99,1.84
1035,46.42,0.87
1036,48.51,3.89
1037,47.99,3.61
1038,47.46,4.01
1039,47.53,4.08
1040,47.88,3.54
1041,48.64,4.93
1042,49.262,2.379
1043,48.12,4.38
1044,48.06,4.38
1045,48.96,2.88
1046,48.86,2.62
1047,49.69,3.48
1048,49.31,1.24
1049,48.87,2.232
1050,48.85,2.37
1051,49.03,1.61
1052,48.75,7.63
1053,48.96,7.76
1054,47.63,7.24
1055,47.87,7.35
1056,48.5,7.27
1057,47.97,7.4
1058,49.08,20.33
1059,36.94,-2.96
1060,36.887,-4.849
1061,42.963,-8.651
1062,50.13,5.16
1063,50.09,5.17
1064,49.94,5.06
1065,49.96,5.12
1066,50.03,4.92
1067,49.69,5.53
1068,49.73,5.53
1069,49.54,5.5
1070,50.25,5.34
1071,50.09,4.68
1072,50.49,4.67
1073,50.07,4.6
1074,50.61,5.01
1075,50.63,4.63
1076,50.96,5.27
1077,50.87,4.06
1078,50.66,3.83
1079,50.59,3.86
1080,50.39,3.7
1081,49.83,5.74
1082,58.91,11.366
1083,52.37,23.38
1084,52.4,23.8
1085,53.98,25.63
1086,53.78,25.17
1087,54.73,26.22
1088,54.57,27.4
1089,55.7,28.45
1090,55.28,27.5
1091,53.97,30.72
1092,53.35,32.07
1093,54.6,29.32
1094,53.77,32
1095,53.73,29.82
1096,53.48,28.63
1097,52.33,27.5
1098,53.2,28.43
1099,52.42,30.77
1100,52.53,25
1101,52.33,26.85
1102,52.57,28.65
1103,51.87,28.43
1104,43.405,12.24
1105,43.133,12.442
1106,42.761,12.135
1107,43.03,12.462
1108,43.025,12.509
1109,41.92,13.1
1110,42.566,12.732
1111,42.975,11.54
1112,42.656,13.704
1113,43.266,13.29
1114,41.94,13.833
1115,42.186,13.841
1116,41.751,14.091
1117,41.783,13.826
1118,44.888,11.607
1119,47.47,17.91
1120,51.58,5.2
1121,51.38,5.57
1122,51.579,5.302
1123,51.583,5.299
1124,51.51,5.06
1125,51.148,6.036
1126,52.12,5.47
1127,53.15,6.54
1128,53.16,6.5
1129,52.72,6.24
1130,52.49,6.45
1131,52.19,6.84
1132,52.13,6.72
1133,51.94,6.79
1134,51.88,6.412
1135,52.23,6.09
1136,52.28,6.11
1137,52.25,6.09
1138,66.03,-16.45
1139,63.53,-19.52
1140,64.1,-20.5
1141,46.16,14.33
1142,41.19,26.42
1143,41.85,26.58
1144,41.26,26.67
1145,43.987,25.318
1146,45.407,25.202
1147,44.68,25.63
1148,44.342,25.671
1149,44.756,26.46
1150,47.085,26.649
1151,46.21,26.893
1152,46.199,27.663
1153,45.447,26.323
1154,47.614,27.133
1155,46.77,21.93
1156,45.244,22.299
1157,45.683,21.906
1158,44.569,23.455
1159,44.886,21.709
1160,44.868,22.407
1161,45.372,23.358
1162,45.415,23.464
1163,45.852,24.988
1164,62.37,11.48
1165,61.87,7.77
1166,59.67,8.07
1167,58.58,6.08
1168,61.4,7.72
1169,61.06,7.82
1170,62.33,6.59
1171,58.692,5.635
1172,58.6,6.37
1173,58.39,8.24
1174,58.38,8.11
1175,59.61,9
1176,59.85,8.32
1177,60.952,9.626
1178,60.49,8.84
1179,61.251,5.391
1180,61.852,10.222
1181,61.216,10.271
1182,58.534,6.15
1183,65.98,12.56
1184,68.673,14.626
1185,67.85,15.5
1186,62.52,9.08
1187,62.474,7.782
1188,63.29,9.73
1189,67.084,14.983
1190,67.451,15.761
1191,68.858,17.941
1192,70.88,27.51
1193,69.22,20.68
1194,69.662,30.384
1195,61.92,11.94
1196,61.37,22.47
1197,66.81,28.15
1198,66.36,26.89
1199,62.784,30.767
1200,60.464,22.309
1201,61.139,22.695
1202,56.07,10.22
1203,55.39,10.45
1204,55.05,9.09
1205,55.06,8.83
1206,46.655,10.19
1207,46.319,6.971
1208,47.068,8.285
1209,47.487,9.471
1210,46.86,9.511
1211,47.33,9.41
1212,46.813,8.6
1213,47.08,8.81
1214,47,8.6
1215,47.284,7.382
1216,46.665,7.873
1217,46.633,7.901
1218,46.486,7.552
1219,46.426,7.473
1220,46.655,7.439
1221,46.89,7.352
1222,46.837,6.937
1223,54.65,21.97
1224,54.47,19.93
1225,54.83,22.1
1226,56.23,32.08
1227,55.839,32.935
1228,56.05,32.1
1229,59.77,30.98
1230,59.13,31.63
1231,57.48,29.92
1232,59.42,30.37
1233,59.73,28.8
1234,59.13,29.3
1235,58.02,32.98
1236,55.77,30.55
1237,56.78,30.93
1238,57.9,30.83
1239,59.17,28.73
1240,58.98,28.2
1241,56.87,29.72
1242,58.43,34.57
1243,59.92,34.1
1244,60.47,34.85
1245,60.7,35.97
1246,62.4,35.87
1247,62.914,34.458
1248,62.62,34.43
1249,61.67,33.63
1250,58.68,32.78
1251,60.98,33.22
1252,61.3,32.47
1253,60.15,30.02
1254,60.05,30.47
1255,60.7,28.93
1256,60.8,28.5
1257,57.33,28.2
1258,57.52,28.03
1259,67.55,30.52
1260,67.13,39.67
1261,67.68,33.25
1262,51.97,37.3
1263,51.63,38.95
1264,52.88,40.48
1265,50.63,38.7
1266,52.08,40.75
1267,50.4,39.63
1268,50.42,41.05
1269,54.646,21.071
1270,50.53,36.63
1271,51.3,37.88
1272,47.57,38.88
1273,47.47,39.67
1274,46.07,38.97
1275,44.85,38.67
1276,44.923,37.981
1277,45.03,37.47
1278,44.48,38.53
1279,55.73,33.85
1280,54.35,32.63
1281,52.83,32.13
1282,52.83,34.5
1283,53.05,33.25
1284,51.75,36.22
1285,50.47,35.6
1286,58.92,36.03
1287,55.98,38.22
1288,48.27,7.293
1289,48.823,7.742
1290,48.904,8.049
1291,47.909,6.686
1292,48.066,6.611
1293,48.166,6.453
1294,48.302,6.136
1295,48.545,6.132
1296,48.285,6.956
1297,49.101,6.188
1298,48.983,7.011
1299,48.871,5.531
1300,49.629,5.159
1301,49.728,4.714
1302,50.801,2.031
1303,47.765,4.57
1304,47.996,4.481
1305,47.998,4.615
1306,47.414,3.494
1307,47.431,3.408
1308,47.354,3.964
1309,48.338,2.788
1310,48.569,2.034
1311,48.668,2.341
1312,48.746,4.627
1313,49.895,4.019
1314,49.56,2.994
1315,49.133,2.416
1316,48.449,1.291
1317,48.749,0.581
1318,48.428,-1.436
1319,48.526,-1.689
1320,48.273,-2.043
1321,48.567,-3.8
1322,48.586,-3.924
1323,48.616,-4.077
1324,48.531,-4.362
1325,48.103,-3.987
1326,47.989,-4.014
1327,47.884,-3.875
1328,47.908,-3.752
1329,47.901,-2.975
1330,47.905,-3.201
1331,48.128,-1.944
1332,48.02,-1.722
1333,47.713,-1.69
1334,47.776,-1.979
1335,47.995,-2.368
1336,47.826,-2.703
1337,47.983,-2.143
1338,44.772,4.157
1339,45.058,4.301
1340,45.215,4.215
1341,45.308,3.939
1342,45.314,4.251
1343,47.005,4.197
1344,46.535,4.035
1345,46.476,4.077
1346,46.911,3.764
1347,44.613,3.899
1348,45.198,3.523
1349,45.134,3.007
1350,45.163,3.029
1351,45.382,3.265
1352,45.623,3.358
1353,45.871,2.674
1354,46.244,3.198
1355,47.748,1.656
1356,46.184,2.445
1357,46.242,2.667
1358,47.037,2.448
1359,47.286,1.535
1360,47.017,1.127
1361,47.247,0.819
1362,45.702,2.007
1363,45.956,1.578
1364,45.757,1.24
1365,45.913,0.916
1366,45.888,2.167
1367,45.932,2.177
1368,46.378,1.679
1369,46.367,1.993
1370,46.386,1.689
1371,46.097,1.496
1372,46.114,1.433
1373,46.151,1.142
1374,46.134,1.021
1375,47.05,0.545
1376,48.16,0.205
1377,48.014,0.82
1378,47.603,0.478
1379,48.167,-0.777
1380,48.033,-0.705
1381,47.193,-0.374
1382,47.316,-0.632
1383,47.31,-1.052
1384,47.56,-1.049
1385,47.464,-1.481
1386,47.018,-1.116
1387,46.75,-0.951
1388,46.67,-0.971
1389,42.867,0.747
1390,42.899,1.232
1391,43.046,0.929
1392,43.145,1.142
1393,42.714,1.646
1394,42.978,2.016
1395,43.044,1.773
1396,43.498,0.73
1397,44.341,3.789
1398,44.361,3.754
1399,44.346,3.618
1400,44.356,3.613
1401,44.334,3.497
1402,44.07,3.467
1403,44.073,3.29
1404,44.082,2.922
1405,43.619,2.812
1406,43.822,2.441
1407,44.399,2.846
1408,44.416,2.873
1409,44.357,2.049
1410,44.209,2.044
1411,44.309,2.802
1412,44.21,2.813
1413,44.109,2.435
1414,44.484,3.426
1415,45.012,3.128
1416,44.826,3.086
1417,44.588,1.985
1418,45.529,2.696
1419,45.544,2.543
1420,45.334,2.752
1421,45.297,2.388
1422,45.119,2.385
1423,45.083,2.195
1424,44.789,1.171
1425,45.604,1.924
1426,45.306,1.415
1427,45.262,1.381
1428,44.904,0.96
1429,44.889,0.366
1430,44.725,-0.177
1431,45.516,0.75
1432,43.176,0.022
1433,43.132,0.259
1434,43.509,-0.853
1435,43.189,-0.597
1436,43.199,-0.608
1437,43.247,-0.874
1438,43.184,-1.337
1439,44.465,-0.774
1440,44.548,-0.872
1441,47.827,6.501
1442,47.748,6.076
1443,47.803,6.668
1444,47.416,6.181
1445,47.293,5.545
1446,47.373,5.189
1447,47.28,5.218
1448,47.238,5.221
1449,47.333,4.981
1450,47.5,6.753
1451,47.032,5.957
1452,47.044,5.815
1453,46.923,5.351
1454,46.404,4.649
1455,46.172,5.29
1456,46.12,5.199
1457,46.157,4.997
1458,45.874,4.643
1459,45.811,4.6
1460,45.859,4.688
1461,46.151,6.271
1462,46.283,5.922
1463,46.22,5.865
1464,45.721,6.103
1465,45.902,5.921
1466,45.715,5.159
1467,46.686,5.767
1468,46.648,5.775
1469,46.398,5.666
1470,46.417,5.868
1471,45.31,4.637
1472,45.206,4.787
1473,44.885,4.785
1474,44.875,4.54
1475,44.83,4.518
1476,44.693,5.491
1477,44.776,5.146
1478,44.625,5.015
1479,44.531,4.967
1480,44.481,4.701
1481,44.666,4.291
1482,44.67,4.27
1483,44.543,4.41
1484,44.42,4.12
1485,44.575,3.95
1486,44.315,4.55
1487,44.218,4.174
1488,44.191,3.716
1489,44.079,3.97
1490,44.074,3.961
1491,44.113,3.772
1492,43.788,4.653
1493,44.552,6.487
1494,44.384,6.652
1495,44.45,6.401
1496,44.47,6.28
1497,44.217,6.276
1498,42.81,2.744
1499,42.815,2.228
1500,44,3.658
1501,43.94,3.682
1502,43.915,3.736
1503,43.728,3.324
1504,43.325,3.48
1505,43.627,3.112
1506,43.554,2.911
1507,43.552,3.822
1508,43.652,3.871
1509,43.925,3.982
1510,43.668,4.182
1511,43.671,4.245
1512,43.487,5.727
1513,43.186,6.112
1514,43.909,7.196
1515,41.726,9.076
1516,42.445,9.471
1517,61.978,30.32
1518,63.563,30.015
1519,63.418,30.471
1520,63.644,29.093
1521,63.708,28.758
1522,63.542,28.955
1523,63.098,31.029
1524,62.643,31.299
1525,62.932,29.443
1526,63.7,27.422
1527,63.129,27.175
1528,63.372,28.402
1529,63.021,27.625
1530,62.931,28.653
1531,63.152,28.899
1532,61.835,28.303
1533,61.272,27.701
1534,61.801,29.096
1535,60.62,27.632
1536,63.383,25.576
1537,63.156,25.933
1538,62.787,24.847
1539,62.75,24.842
1540,62.745,24.994
1541,62.668,25.27
1542,62.606,25.417
1543,62.712,26.88
1544,62.618,26.708
1545,62.609,26.32
1546,62.38,26.174
1547,62.392,26.559
1548,62.13,25.665
1549,61.987,25.373
1550,62.205,25.185
1551,61.739,25.152
1552,61.567,26.045
1553,61.909,26.917
1554,62.177,27.133
1555,62.055,26.468
1556,61.604,26.653
1557,61.44,26.616
1558,60.704,26.012
1559,60.473,25.606
1560,60.393,25.428
1561,60.626,25.232
1562,60.293,24.373
1563,60.44,23.226
1564,60.648,22.595
1565,60.806,21.603
1566,61.172,21.668
1567,60.872,22.41
1568,61.007,22.43
1569,61.744,24.656
1570,61.384,25.054
1571,61.273,24.704
1572,61.09,25.237
1573,62.28,24.039
1574,62.014,24.505
1575,61.799,23.698
1576,61.898,23.061
1577,60.706,23.927
1578,61.926,22.239
1579,62.238,21.582
1580,62.315,21.521
1581,62.943,21.547
1582,63.032,21.859
1583,62.609,23.66
1584,63.724,23.008
1585,63.863,23.448
1586,63.584,24.717
1587,63.986,23.761
1588,63.933,24.972
1589,65.417,29.552
1590,65.287,29.122
1591,64.932,28.748
1592,64.815,29.552
1593,64.745,29.838
1594,64.626,28.688
1595,64.578,27.983
1596,64.407,27.506
1597,64.397,29.852
1598,64.261,29.906
1599,64.19,29.584
1600,63.93,29.975
1601,64.127,29.503
1602,64.213,29.023
1603,64.087,28.159
1604,64.677,27.06
1605,65.069,26.307
1606,64.865,27.595
1607,65.097,26.374
1608,65.193,25.407
1609,65.145,28.069
1610,65.203,27.622
1611,65.514,26.901
1612,65.405,25.86
1613,65.918,25.835
1614,65.665,25.089
1615,66.622,26.22
1616,68.396,23.752
1617,67.879,24.844
1618,67.13,25.747
1619,66.795,25.42
1620,66.618,25.427
1621,68.938,20.852
1622,68.88,21.076
1623,68.442,22.495
1624,67.946,23.66
1625,67.134,23.982
1626,66.785,23.912
1627,66.827,24.387
1628,66.031,24.021
1629,69.396,25.845
1630,69.912,27.027
1631,69.784,27
1632,70.076,27.695
1633,69.509,28.038
1634,68.919,26.748
1635,68.889,26.925
1636,68.446,25.938
1637,68.555,27.274
1638,68.85,28.325
1639,68.465,28.464
1640,66.369,29.315
1641,66.302,29.145
1642,66.156,29.555
1643,41.2,-8.17
1644,37.3,-8.47
1645,37.83,-7.68
1646,37.803,-7.633
1647,49.863,1.185
1648,43.481,-0.024
1649,44.41,-0.753
1650,46.686,-1.114
1651,49.922,4.068
1652,47.817,3.8
1653,48.867,3.19
1654,47.135,1.24
1655,46.623,0.257
1656,47.733,3.3
1657,45.688,3.61
1658,45.607,4.375
1659,45.468,2.151
1660,43.692,1.356
1661,44.07,2.802
1662,44.637,3.11
1663,43.28,2.085
1664,42.525,2.986
1665,42.467,2.668
1666,43.394,6.453
1667,43.146,6.149
1668,43.949,6.81
1669,44.252,6.934
1670,43.845,7.156
1671,48.969,7.038
1672,44.329,4.113
1673,44.434,5.297
1674,43.879,6.539
1675,43.995,6.503
1676,44.016,6.253
1677,44.443,5.714
1678,44.777,6.559
1679,44.917,6.675
1680,45.859,5.401
1681,46.155,4.585
1682,46.272,5.517
1683,45.447,6.988
1684,47.731,6.73
1685,47.729,6.846
1686,45.038,6.184
1687,44.9,5.945
1688,44.825,6.149
1689,45.12,6.02
1690,45.875,5.686
1691,45.905,6.207
1692,46.121,5.825
1693,46.15,5.8
1694,46.114,6.552
1695,50.657,14.044
1696,49.74,15.1
1697,50.24,14.78
1698,50.64,15.28
1699,49.75,16.967
1700,48.8,16.86
1701,48.93,17.317
1702,48.603,16.939
1703,49.32,16.03
1704,48.05,18.2
1705,48.524,18.174
1706,49.298,18.786
1707,48.04,18.82
1708,48.162,17.883
1709,49.069,18.913
1710,48.73,19.13
1711,48.407,18.648
1712,49.087,19.606
1713,48.306,20.314
1714,48.593,20.894
1715,48.396,21.75
1716,48.733,21.338
1717,49.033,21.5
1718,48.983,21.967
1719,42.602,9.379
1720,43.937,7.515
1721,44.051,7.589
1722,49.289,20.732
1723,35.043,32.421
1724,34.742,32.488
1725,34.706,32.564
1726,34.685,32.592
1727,35.08,32.72
1728,35.041,32.901
1729,35.079,33.017
1730,34.754,33.1
1731,35.038,33.183
1732,34.767,33.3
1733,34.717,33.317
1734,35.021,33.392
1735,34.942,33.483
1736,50.913,2.741
1737,51.157,3.188
1738,50.85,3.138
1739,50.843,3.232
1740,50.826,3.611
1741,50.634,3.778
1742,50.889,4.116
1743,50.877,4.157
1744,51.004,5.014
1745,50.943,4.744
1746,51.082,5.094
1747,50.766,4.28
1748,50.69,4.197
1749,50.891,5.021
1750,50.885,3.686
1751,50.726,5.69
1752,50.537,5.318
1753,50.092,4.807
1754,50.568,5.168
1755,50.309,4.141
1756,50.359,4.404
1757,50.26,4.437
1758,50.304,4.829
1759,50.59,5.654
1760,50.42,5.53
1761,50.597,5.591
1762,50.156,5.262
1763,50.212,4.963
1764,50.041,5.128
1765,50.086,4.557
1766,49.793,5.382
1767,50.041,4.5
1768,50.043,4.844
1769,49.864,4.902
1770,49.694,5.513
1771,50.201,4.798
1772,50.479,5.637
1773,58.88,11.54
1774,58.626,11.358
1775,58.626,11.707
1776,58.244,11.935
1777,58.205,12.318
1778,59.169,12.118
1779,58.361,13.952
1780,68.355,18.823
1781,55.45,13.595
1782,55.64,13.539
1783,55.646,13.817
1784,55.708,14.011
1785,56.49,13.51
1786,55.996,12.798
1787,55.702,13.145
1788,60.564,17.442
1789,56.18,14.165
1790,62.54,12.35
1791,61.21,17.08
1792,56.186,13.684
1793,58.714,14.318
1794,58.59,16.17
1795,58.793,14.308
1796,57.459,14.962
1797,57.579,14.863
1798,55.506,13.237
1799,62.52,17.39
1800,59.796,17.583
1801,58.86,16.7
1802,64.88,14.22
1803,63.524,12.395
1804,64.07,14.096
1805,65.74,15.05
1806,63.833,20.25
1807,64.24,19.666
1808,65.748,15.391
1809,65.837,14.834
1810,62.66,16.29
1811,62.36,16.96
1812,62.726,16.089
1813,63.17,17.27
1814,64.74,20.86
1815,65.535,21.213
1816,65.851,21.224
1817,66.415,21.696
1818,66.115,23.324
1819,67.225,23.543
1820,67.226,23.346
1821,51.4,7.161
1822,51.436,7.581
1823,51.749,8.631
1824,49.912,7.911
1825,49.78,7.72
1826,49.781,7.831
1827,48.392,8.033
1828,50.137,8.4
1829,50.279,8.801
1830,49.814,8.628
1831,49.669,8.571
1832,49.259,9.288
1833,49.002,9.768
1834,49.23,9.343
1835,50.132,8.946
1836,50.799,8.765
1837,47.623,8.326
1838,49.066,9.116
1839,49.626,9.666
1840,49.5,9.769
1841,49.834,10.941
1842,50.182,11.227
1843,48.561,9.267
1844,48.511,9.152
1845,48.385,8.889
1846,48.406,8.771
1847,48.168,8.632
1848,48.535,9.134
1849,49.346,9.129
1850,49.249,9.457
1851,49.008,8.516
1852,48.87,8.711
1853,48.726,8.891
1854,48.897,8.73
1855,48.709,9.355
1856,48.585,8.61
1857,48.959,9.261
1858,48.984,9.459
1859,48.985,9.741
1860,48.933,10.14
1861,49.269,9.22
1862,48.847,9.316
1863,48.627,9.816
1864,48.637,9.324
1865,48.819,8.297
1866,48.306,8.219
1867,47.7,7.845
1868,49.376,6.788
1869,52.176,8.862
1870,50.837,10.086
1871,50.496,10.725
1872,50.805,9.732
1873,51.271,9.975
1874,51.408,9.709
1875,51.603,6.633
1876,50.6,9.642
1877,50.854,9.283
1878,53.419,10.845
1879,50.324,11.915
1880,51.383,12.437
1881,51.213,12.389
1882,51.315,13.253
1883,50.954,13.854
1884,51.022,13.994
1885,50.942,14.134
1886,51.198,13.773
1887,51.591,12.581
1888,52.368,13.997
1889,51.164,14.406
1890,51.007,12.773
1891,50.741,12.494
1892,50.589,12.717
1893,50.704,7.899
1894,50.631,13.079
1895,50.325,12.259
1896,51.406,14.575
1897,48.035,8.943
1898,47.988,7.899
1899,48.084,9.276
1900,48.01,9.16
1901,48.783,10.692
1902,47.73,10.317
1903,48.266,9.731
1904,48.042,10.875
1905,48.953,10.914
1906,48.526,8.964
1907,49.024,12.139
1908,49.118,11.936
1909,49.536,12.154
1910,48.092,9.15
1911,48.689,13.452
1912,47.443,11.271
1913,44.51,7.9
1914,45.83,8.26
1915,45.701,8.651
1916,45.783,9.436
1917,46.067,11.133
1918,45.844,11.368
1919,46.537,12.521
1920,46.431,12.223
1921,46.595,12.111
1922,46.442,11.987
1923,52.153,14.688
1924,51.161,14.993
1925,50.872,14.821
1926,64.712,-21.603
1927,64.691,-21.415
1928,63.938,-21.007
1929,64.264,-20.52
1930,64.15,-20.57
1931,63.933,-20.635
1932,64.984,-15.088
1933,63.863,-20.341
1934,64.753,-14.486
1935,65.33,-19.085
1936,65.47,-20.33
1937,66.07,-21.752
1938,65.851,-17.897
1939,63.78,-19.417
1940,66.197,-15.597
1941,63.949,-17.657
1942,65.394,-17.31
1943,65.494,-19.388
1944,65.371,-17.347
1945,65.623,-16.189
1946,65.03,-16.25
1947,65.505,-14.368
1948,51.81,5.44
1949,50.83,5.71
1950,51.366,6.158
1951,51.82,5.54
1952,46.45,18.317
1953,48.4,20.733
1954,46.65,21.283
1955,47.837,22.696
1956,53.367,16.8
1957,52.667,16.85
1958,51.417,18.75
1959,51.467,18.967
1960,51.75,18.667
1961,52.25,17.75
1962,51.217,18.15
1963,51.25,18.117
1964,51.65,18.083
1965,51.75,18.217
1966,52.117,17.65
1967,52.117,16.633
1968,52.25,16.85
1969,52.167,16.533
1970,52.367,16.933
1971,52.75,17.2
1972,52.817,16.833
1973,52.583,16.633
1974,52.217,18.267
1975,51.6,18.75
1976,51.117,18.867
1977,52.967,18.1
1978,51.32,18.15
1979,53.3,15.8
1980,52.9,15.95
1981,53.567,14.817
1982,52.517,21.717
1983,52.543,-8.767
1984,52.519,-8.719
1985,52.521,-8.944
1986,52.463,-9.019
1987,53.238,-7.932
1988,53.362,-8.239
1989,53.432,-8.263
1990,53.966,-8.351
1991,53.438,-8.864
1992,54.227,-8.3
1993,54.098,-7.451
1994,51.765,-8.683
1995,52.352,-7.696
1996,52.548,-6.55
1997,52.652,-7.25
1998,52.7,-6.981
1999,53.146,-7.071
2000,53.162,-7.193
2001,53.897,-6.444
2002,53.102,-7.921
2003,45.893,15.604
2004,46.069,15.184
2005,46.122,15.091
2006,45.047,16.378
2007,46.092,15.192
2008,46.227,15.261
2009,43.375,19.644
2010,46.371,15.996
2011,43.106,20.804
2012,45.974,13.658
2013,46.187,13.736
2014,46.315,13.494
2015,41.98,21.433
2016,54.893,-7.416
2017,54.816,-7.456
2018,54.313,-7.683
2019,54.981,-6.543
2020,54.757,-6.513
2021,54.413,-6.734
2022,54.22,-6.334
2023,54.719,-6.221
2024,54.558,-5.946
2025,57.43,-5.429
2026,56.821,-5.087
2027,56.438,-4.857
2028,55.797,-4.068
2029,55.515,-3.696
2030,55.989,-4.575
2031,55.598,-4.627
2032,55.259,-4.806
2033,54.901,-4.839
2034,54.93,-3.839
2035,55.275,-3.798
2036,55.021,-3.266
2037,56.614,-3.98
2038,56.767,-2.494
2039,56.331,-2.948
2040,56.347,-3.548
2041,56.186,-4.056
2042,57.551,-3.141
2043,57.302,-3.7
2044,56.017,-3.875
2045,55.929,-4.019
2046,55.963,-3.339
2047,55.936,-2.784
2048,55.648,-3.259
2049,55.723,-2.164
2050,55.788,-2.191
2051,57.075,-2.335
2052,57.218,-2.189
2053,57.527,-1.833
2054,57.537,-2.494
2055,57.604,-3.645
2056,57.334,-4.577
2057,57.557,-4.539
2058,55.435,-2.757
2059,57.962,-4.701
2060,58.479,-3.902
2061,58.175,-5.151
2062,53.438,-2.343
2063,53.33,-2.225
2064,53.166,-2.494
2065,53.093,-2.487
2066,54.95,-1.942
2067,54.944,-2.514
2068,55.114,-1.621
2069,55.074,-2.916
2070,54.905,-2.951
2071,54.732,-3.404
2072,54.66,-3.491
2073,54.64,-3.347
2074,54.268,-2.972
2075,54.092,-0.261
2076,54.019,-0.884
2077,54.081,-2.72
2078,53.992,-2.792
2079,53.858,-2.742
2080,54.29,-2.257
2081,53.92,-1.357
2082,54.098,-1.456
2083,53.991,-1.134
2084,53.971,-1.347
2085,54.608,-1.548
2086,54.518,-1.6
2087,52.953,-1.077
2088,53.398,-0.962
2089,52.856,-1.651
2090,52.705,-1.09
2091,52.57,-1.2
2092,52.627,-1.611
2093,52.84,-2.174
2094,54.74,-1.6
2095,53.366,-1.351
2096,54.733,-1.59
2097,52.426,0.723
2098,52.334,-0.682
2099,52.133,-0.458
2100,52.17,-0.3
2101,52.56,-0.27
2102,52.616,-0.58
2103,52.72,-0.362
2104,53.187,0.098
2105,53.298,-0.13
2106,53.022,-0.745
2107,52.134,0.142
2108,52.144,-0.315
2109,51.736,0.481
2110,51.971,0.941
2111,52.18,1.01
2112,52.819,1.253
2113,52.798,0.492
2114,52.382,1.276
2115,50.648,-1.249
2116,50.48,-3.76
2117,50.265,-4.917
2118,50.479,-4.795
2119,50.43,-4.678
2120,50.53,-4.221
2121,50.647,-4.266
2122,50.995,-3.984
2123,50.804,-3.51
2124,50.843,-3.391
2125,50.752,-3.046
2126,51.018,-3.132
2127,50.653,-2.473
2128,50.687,-2.123
2129,51.22,-0.568
2130,51.701,-0.334
2131,51.377,-0.95
2132,51.861,-1.3
2133,51.432,-1.066
2134,50.761,-1.84
2135,51.037,-0.899
2136,50.968,-1.498
2137,50.863,-1.166
2138,50.923,-1.162
2139,50.951,0.077
2140,50.891,0.363
2141,51.77,-1.36
2142,51.076,-1.86
2143,51.17,-1.784
2144,51.426,-2.459
2145,51.423,0.231
2146,51.431,-0.253
2147,51.201,-0.193
2148,51.764,0.014
2149,51.668,-0.035
2150,51.576,0.042
2151,51.25,0.448
2152,51.109,0.174
2153,52.967,-2.971
2154,53.08,-2.991
2155,52.937,-4.381
2156,52.376,-4.07
2157,51.863,-4.2
2158,51.881,-4.168
2159,51.492,-3.556
2160,51.532,-3.117
2161,51.963,-3.451
2162,51.795,-2.684
2163,52.439,-3.723
2164,53.233,-3.57
2165,52.47,-3.689
2166,54.44,-3.528
2167,52.092,-1.942
2168,52.555,-2.373
2169,52.767,-2.839
2170,52.795,-3.109
2171,52.723,-2.609
2172,52.34,-1.511
2173,40.3,28.438
2174,38.62,27.431
2175,41.154,29.189
2176,40.3,30.2
2177,39.5,34.75
2178,41.367,35.833
2179,41.199,36.722
2180,36.567,33.333
2181,36.417,33.833
2182,36.95,35.6
2183,37.9,36.083
2184,38.419,36.912
2185,70.07,28.016
2186,62.531,6.618
2187,63.493,11.358
2188,63.804,10.232
2189,60.357,6.746
2190,61.92,6.119
2191,58.248,7.951
2192,59.881,9.908
2193,59.707,9.555
2194,69.695,29.368
2195,59.55,10.77
2196,59.987,10.801
2197,60.254,11.677
2198,61.333,10.278
2199,61.817,9.274
2200,63.069,10.283
2201,64.468,12.059
2202,61.259,12.322
2203,65.507,14.217
2204,65.622,13.292
2205,66.393,13.181
2206,66.815,15.411
2207,67.624,15.989
2208,69.231,17.783
2209,69.837,25.085
2210,69.035,18.658
2211,69.826,23.517
2212,44.259,23.786
2213,48.241,26.812
2214,45.556,27.512
2215,46.726,26.946
2216,44.696,26.578
2217,46.628,21.518
2218,46.161,21.322
2219,46.038,23.582
2220,45.646,21.177
2221,47.787,22.877
2222,47.863,24.193
2223,61.698,22.784
2224,61.271,22.246
2225,61.203,21.754
2226,61.673,21.743
2227,63.362,22.699
2228,62.537,23.639
2229,63.623,22.88
2230,63.499,23.756
2231,63.446,24.445
2232,64.361,24.4
2233,64.669,24.606
2234,63.91,23.402
2235,65.335,25.411
2236,65.65,25.347
2237,66.476,27.353
2238,66.551,27.694
2239,64.203,24.114
2240,63.743,25.347
2241,64.229,24.02
2242,63.092,21.884
2243,62.928,22.52
2244,62.939,22.486
2245,62.992,21.675
2246,62.614,21.473
2247,64.659,28.621
2248,60.698,26.818
2249,62.245,25.888
2250,63.012,26.678
2251,60.84,26.751
2252,63.044,25.525
2253,62.168,25.404
2254,62.511,26.032
2255,60.238,24.984
2256,60.527,27.557
2257,62.55,27.769
2258,61.381,28.652
2259,62.792,29.183
2260,63.728,26.369
2261,65.912,29.182
2262,46.933,7.448
2263,47.57,8.33
2264,47.682,8.626
2265,47.197,7.172
2266,46.838,9.456
2267,47.517,8.235
2268,47.267,7.831
2269,47.421,8.271
2270,46.955,7.749
2271,46.91,8.561
2272,47.597,8.682
2273,47.398,9.257
2274,46.53,9.205
2275,46.975,9.612
2276,46.153,5.971
2277,46.35,6.889
2278,46.562,8.362
2279,46.419,7.818
2280,46.886,10.465
2281,46.693,10.118
2282,46.49,9.898
2283,46.486,9.906
2284,46.569,9.936
2285,46.194,9.009
2286,46.295,10.08
2287,64.622,39.185
2288,65.249,51.869
2289,66.5,48.217
2290,66.104,38.864
2291,66.114,37.76
2292,59.38,24.97
2293,59.44,28.38
2294,57.1,29.233
2295,59.377,28.19
2296,58.858,29.907
2297,60.98,32.968
2298,64.954,34.568
2299,56.967,21.983
2300,56.985,24.445
2301,55.861,26.521
2302,55.5,29.2
2303,55.183,26.8
2304,55.5,21.35
2305,54.4,23.233
2306,55.167,23.85
2307,55.25,24.75
2308,53.317,25.7
2309,54.266,37.491
2310,54.148,32.066
2311,51.413,35.53
2312,51.681,36.426
2313,46.831,29.471
2314,45.033,38.977
2315,45.775,18.173
2316,45.545,15.529
2317,45.532,14.724
2318,45.638,15.393
2319,45.505,14.701
2320,42.676,18.141
2321,45.284,17.806
2322,45.814,15.832
2323,45.072,18.685
2324,43.543,16.522
2325,43.523,16.575
2326,45.75,16.598
2327,45.801,15.674
2328,45.839,16.822
2329,45.371,16.578
2330,45.469,16.909
2331,45.784,15.953
2332,45.459,14.855
2333,45.337,16.083
2334,45.196,15.431
2335,45.48,15.367
2336,44.924,15.615
2337,45.461,15.495
2338,45.121,15.59
2339,45.516,15.474
2340,45.675,15.515
2341,45.411,15.61
2342,45.533,14.686
2343,45.275,15.183
2344,45.374,15.611
2345,45.277,15.971
2346,45.253,15.546
2347,45.548,15.857
2348,45.373,15.356
2349,46.241,16.939
2350,46.38,16.522
2351,46.42,16.694
2352,46.196,16.724
2353,46.515,16.443
2354,46.082,16.96
2355,45.945,17.462
2356,46.211,16.463
2357,46.22,16.199
2358,46.155,16.825
2359,46.248,16.62
2360,45.602,17.822
2361,45.601,17.835
2362,44.041,16.187
2363,43.817,16.268
2364,44.04,16.228
2365,44.108,15.94
2366,44.532,15.469
2367,44.514,15.423
2368,44.551,15.322
2369,44.514,15.344
2370,46.855,18.167
2371,45.951,17.442
2372,46.786,21.142
2373,47.208,21.539
2374,48.038,18.913
2375,46.298,18.536
2376,47.941,20.381
2377,48.086,20.856
2378,46.945,20.844
2379,46.204,20.452
2380,47.518,17.412
2381,46.728,17.122
2382,46.489,11.848
2383,46.735,11.2
2384,48.195,19.53
2385,48.076,19.276
2386,47.529,19.764
2387,47.641,19.523
2388,47.787,22.403
2389,47.957,22.148
2390,47.967,21.967
2391,48.287,20.339
2392,48.24,20.515
2393,48.501,20.688
2394,48.1,20.712
2395,48.288,20.658
2396,48.271,21.175
2397,48.448,21.623
2398,47.859,20.216
2399,47.485,19.999
2400,47.722,17.229
2401,47.58,16.791
2402,47.719,16.664
2403,46.961,16.288
2404,47.566,17.577
2405,47.594,18.39
2406,46.798,11.091
2407,45.806,11.336
2408,46.006,11.324
2409,46.735,11.2
2410,46.934,11.444
2411,46.947,11.538
2412,46.722,11.892
2413,46.624,10.719
2414,46.713,12.323
2415,46.739,12.358
2416,46.199,22.916
2417,46.496,22.465
2418,45.578,25.363
2419,46.128,25.553
2420,46.464,24.344
2421,45.834,25.136
2422,45.679,24.883
2423,45.728,24.578
2424,45.425,23.623
2425,45.034,24.051
2426,44.637,24.259
2427,45.039,24.095
2428,44.752,23.998
2429,44.455,24.714
2430,44.185,25.2
2431,44.408,25.121
2432,45.435,25.053
2433,44.965,24.933
2434,44.526,25.237
2435,44.751,25.274
2436,45.443,25.587
2437,46.531,22.484
2438,45.29,25.724
2439,45.45,25.936
2440,45.627,26.116
2441,45.514,26.441
2442,45.251,26.753
2443,47.887,25.427
2444,47.572,25.126
2445,47.201,25.686
2446,46.965,25.758
2447,46.824,25.869
2448,46.556,26.111
2449,46.158,26.731
2450,45.909,26.668
2451,45.561,26.832
2452,46.827,27.252
2453,46.591,22.562
2454,46.604,22.645
2455,46.67,22.503
2456,46.669,22.373
2457,46.661,22.248
2458,46.183,22.948
2459,46.844,22.301
2460,46.87,22.163
2461,46.808,22.222
2462,46.826,21.98
2463,46.491,21.987
2464,46.594,21.974
2465,46.397,22.137
2466,46.478,22.052
2467,46.861,22.895
2468,46.71,22.868
2469,46.259,22.575
2470,46.964,22.849
2471,47.058,22.395
2472,47.022,22.053
2473,47,21.999
2474,47.315,22.342
2475,45.455,25.938
2476,44.714,28.157
2477,44.571,28.365
2478,44.491,28.629
2479,46.29,22.64
2480,44.098,28.088
2481,45.423,25.588
2482,47.306,23.745
2483,47.204,27.02
2484,46.338,25.103
2485,47.737,25.52
2486,45.844,27.412
2487,45.667,27.161
2488,47.648,24.695
2489,47.645,24.417
2490,46.308,22.523
2491,47.889,23.941
2492,47.926,23.486
2493,47.418,24.791
2494,47.351,24.735
2495,47.288,24.479
2496,47.038,24.47
2497,47.09,24.316
2498,47.15,24.161
2499,47.512,23.644
2500,46.244,22.334
2501,47.162,22.876
2502,46.123,22.861
2503,46.371,22.131
2504,46.78,22.136
2505,46.508,21.863
2506,47.218,22.54
2507,47.241,22.182
2508,46.659,25.558
2509,46.983,25.003
2510,46.921,25.349
2511,46.28,22.341
2512,46.456,22.876
2513,46.2,23.683
2514,46.207,24.657
2515,46.567,25.029
2516,45.934,23.194
2517,45.855,23.208
2518,45.521,23.096
2519,45.686,22.783
2520,45.858,22.173
2521,46.29,22.093
2522,45.16,22.301
2523,45.398,22.541
2524,45.649,22.191
2525,45.369,21.445
2526,44.999,21.554
2527,45.004,21.447
2528,44.969,22.101
2529,44.929,22.002
2530,44.653,21.958
2531,45.304,23.058
2532,46.455,22.621
2533,45.455,23.436
2534,44.984,23.097
2535,44.694,23.044
2536,44.35,23.686
2537,44.233,23.52
2538,46.549,25.769
2539,45.825,26.005
2540,45.996,26.16
2541,45.585,25.46
2542,53.369,-6.491
2543,52.549,-6.55
2544,53.039,-7.085
2545,52.935,-6.951
2546,52.549,-7.2
2547,52.715,-7.292
2548,52.5,-7.092
2549,52.648,-7.865
2550,52.679,-7.81
2551,52.46,-7.998
2552,52.357,-7.922
2553,52.144,-8.052
2554,52.149,-8.515
2555,52.168,-8.26
2556,52.127,-8.694
2557,52.097,-9.095
2558,51.822,-8.422
2559,51.738,-9.451
2560,52.443,-9.475
2561,52.669,-8.529
2562,52.645,-8.475
2563,53.27,-7.828
2564,53.093,-7.881
2565,52.908,-8.533
2566,53.854,-7.806
2567,53.563,-7.758
2568,54.191,-8.014
2569,52.87,-8.975
2570,53.889,-9.526
2571,54.104,-9.157
2572,54.179,-8.553
2573,54.209,-8.509
2574,54.042,-7.377
2575,54.782,-8.365
2576,55.028,-7.685
2577,53.856,-6.414
2578,53.921,-6.55
2579,53.643,-6.672
2580,53.664,-6.721
2581,46.884,11.431
2582,46.767,12.17
2583,46.823,12.083
2584,46.995,11.98
2585,46.931,12.035
2586,46.903,11.956
2587,46.817,11.935
2588,46.776,11.88
2589,46.816,11.708
2590,45.123,11.822
2591,46.101,11.094
2592,46.401,11.671
2593,45.622,7.621
2594,41.431,15.675
2595,41.292,16.09
2596,45.758,9.608
2597,40.345,9.034
2598,40.758,9.151
2599,40.745,9.145
2600,45.629,10.499
2601,45.027,6.953
2602,41.566,15.502
2603,41.571,15.539
2604,41.459,15.369
2605,41.406,15.349
2606,41.378,15.748
2607,40.886,15.374
2608,40.866,15.648
2609,40.958,15.554
2610,41,15.721
2611,41.01,15.769
2612,40.97,15.786
2613,40.997,15.828
2614,41.538,15.559
2615,44.059,10.908
2616,44.101,10.961
2617,44.112,11.044
2618,44.523,11.302
2619,44.175,11.279
2620,44.409,11.503
2621,44.354,11.692
2622,44.569,11.88
2623,44.322,11.812
2624,44.116,12.062
2625,44.115,12.216
2626,43.85,12.768
2627,43.077,13.055
2628,43.059,13.062
2629,39.966,9.076
2630,40.472,8.569
2631,40.313,9.546
2632,39.894,9.19
2633,39.576,9.328
2634,40.74,16.169
2635,40.593,15.777
2636,40.552,16.091
2637,40.342,15.794
2638,40.205,16.484
2639,39.136,16.795
2640,39.029,16.564
2641,38.91,16.551
2642,38.685,16.396
2643,38.597,16.428
2644,38.187,16.071
2645,38.457,16.225
2646,38.92,16.459
2647,43.825,7.557
2648,43.876,7.634
2649,43.876,7.853
2650,43.944,8.004
2651,44.339,9.41
2652,44.342,9.353
2653,44.389,9.886
2654,44.315,9.994
2655,44.2,9.951
2656,44.278,9.656
2657,42.027,13.66
2658,41.711,13.606
2659,41.699,13.66
2660,41.606,13.294
2661,41.544,13.864
2662,41.133,14.925
2663,41.149,14.834
2664,41.112,14.19
2665,40.8,14.578
2666,40.661,15.032
2667,40.542,15.081
2668,40.205,15.153
2669,37.745,12.755
2670,37.805,13.135
2671,42.488,13.232
2672,42.115,13.785
2673,42.122,13.872
2674,42.157,13.832
2675,41.496,14.408
2676,41.955,15.009
2677,44.012,10.619
2678,43.927,11.126
2679,43.634,10.522
2680,43.016,10.62
2681,42.514,11.916
2682,42.348,11.872
2683,41.924,12.664
2684,45.54,7.833
2685,46.429,11.478
2686,45.829,7.721
2687,44.411,7.331
2688,46.798,11.601
2689,45.77,12.997
2690,41.197,14.453
2691,40.859,15.045
2692,40.635,15.231
2693,40.52,15.492
2694,40.501,15.009
2695,45.647,9.929
2696,45.417,7.613
2697,44.809,10.326
2698,43.81,11.68
2699,41.819,14.162
2700,45.126,9.224
2701,44.912,10.537
2702,45.046,10.757
2703,44.697,7.163
2704,45.072,9.7
2705,46.749,12.12
2706,43.01,12.43
2707,41.885,12.476
2708,42.438,12.794
2709,46.208,10.753
2710,44.759,10.94
2711,45.79,9.827
2712,38.115,15.066
2713,37.916,14.134
2714,37.937,13.999
2715,37.95,14.102
2716,37.842,13.919
2717,37.796,13.675
2718,37.951,13.784
2719,37.842,13.562
2720,37.959,13.651
2721,38.004,13.506
2722,37.903,13.373
2723,37.963,13.405
2724,38.066,13.304
2725,38.082,13.108
2726,37.964,13.133
2727,38.054,12.676
2728,37.969,12.602
2729,37.928,12.749
2730,37.831,12.606
2731,37.9,12.499
2732,37.844,13.119
2733,37.735,13.03
2734,37.658,13.895
2735,37.623,13.898
2736,37.492,13.681
2737,37.309,13.607
2738,37.804,14.085
2739,37.693,14.064
2740,37.785,14.134
2741,37.738,14.165
2742,37.672,14.165
2743,37.605,14.133
2744,37.495,14.144
2745,37.208,13.994
2746,37.087,14.514
2747,36.931,14.921
2748,36.888,15.062
2749,37.103,14.958
2750,37.888,14.796
2751,37.934,14.83
2752,37.806,14.796
2753,37.676,14.533
2754,37.608,14.378
2755,37.911,14.883
2756,37.871,14.889
2757,37.9,15.051
2758,45.269,7.482
2759,44.942,8.688
2760,44.433,9.494
2761,46.286,8.357
2762,43.804,11.702
2763,43.57,11.87
2764,43.47,11.83
2765,43.48,11.62
2766,43.8,11.47
2767,43.77,11.42
2768,43.81,11.13
2769,43.816,11.063
2770,43.6,10.97
2771,43.85,10.69
2772,43.323,10.67
2773,43.13,10.72
2774,43.07,10.72
2775,42.93,11.32
2776,44.06,10.17
2777,44.02,10.53
2778,43.82,10.41
2779,42.908,11.034
2780,43.868,10.796
2781,43.869,10.341
2782,43.588,11.322
2783,43.923,11.127
2784,44.086,11.063
2785,43.683,10.596
2786,43.082,11.147
2787,46.336,13.134
2788,56.067,24.371
2789,56.15,22.784
2790,56.281,21.508
2791,54.019,23.984
2792,54.554,24.072
2793,54.116,24.301
2794,54.984,25.773
2795,55.521,25.092
2796,55.675,23.447
2797,55.505,23.09
2798,55.49,22.294
2799,57.542,26.705
2800,56.365,21.219
2801,56.512,27.436
2802,56.987,21.961
2803,56.404,26.434
2804,57.847,24.49
2805,57.276,26.58
2806,56.805,24.715
2807,57.201,27.05
2808,57.223,25.235
2809,57.787,25.423
2810,56.909,21.404
2811,57.07,22.292
2812,57.49,22.724
2813,57.165,24.842
2814,56.48,23.563
2815,57.536,25.423
2816,57.244,26.363
2817,57.548,21.863
2818,57.905,25.292
2819,56.08,26.727
2820,56.972,24.487
2821,41.533,20.6
2822,41.267,20.783
2823,41.3,21.1
2824,40.933,21.65
2825,41.7,21.783
2826,41.717,21.567
2827,50.869,5.697
2828,50.758,5.683
2829,59.683,6.011
2830,59.969,6.731
2831,60.249,5.442
2832,60.629,6.293
2833,60.85,7.114
2834,61.135,4.937
2835,61.333,5.886
2836,61.859,6.89
2837,62.162,5.166
2838,62.793,7.726
2839,62.511,9.593
2840,61.803,8.45
2841,62.89,11.184
2842,60.133,11.08
2843,63.791,11.81
2844,65.905,13.308
2845,66.093,13.116
2846,66.936,15.147
2847,67.797,15.296
2848,60.886,11.326
2849,68.619,15.712
2850,69.263,18.882
2851,69.023,19.581
2852,69.42,23.635
2853,70.14,24.761
2854,64.887,13.916
2855,64.245,13.76
2856,61.665,12.018
2857,61.56,8.927
2858,60.71,9.459
2859,60.493,8.479
2860,60.307,9.01
2861,58.84,8.101
2862,58.446,7.585
2863,60.641,12.047
2864,51.617,16.45
2865,49.633,18.9
2866,49.667,18.85
2867,49.8,18.783
2868,49.917,18.983
2869,49.967,19.117
2870,50.05,19.183
2871,50.05,19.233
2872,50.017,19.8
2873,50.033,20.1
2874,50.117,20.45
2875,50.133,20.55
2876,50.2,20.683
2877,50.267,20.767
2878,50.317,21.067
2879,50.667,21.75
2880,50.8,21.85
2881,50.883,21.833
2882,51.417,21.933
2883,51.55,21.817
2884,51.883,21.25
2885,49.767,18.85
2886,49.9,18.983
2887,49.883,18.967
2888,49.767,19.067
2889,49.8,19.033
2890,49.883,19.017
2891,49.967,18.933
2892,50.033,19.067
2893,50.05,19.1
2894,50.083,19.083
2895,50.483,19.25
2896,50.417,19.167
2897,50.35,19.183
2898,50.25,19.133
2899,50.15,19.233
2900,51.533,16.867
2901,50.45,19.267
2902,50.317,19.15
2903,50.467,19
2904,50.367,18.95
2905,50.26,19.139
2906,50.267,19.083
2907,50.35,19.6
2908,50.3,19.4
2909,50.25,19.267
2910,50.233,19.15
2911,50.233,19.167
2912,49.5,19.117
2913,49.683,19.183
2914,50.033,19.217
2915,49.483,19.117
2916,49.45,19.15
2917,49.567,19.067
2918,49.55,19.183
2919,49.65,19.3
2920,49.717,19.133
2921,49.7,19.267
2922,49.717,19.25
2923,49.633,19.817
2924,49.683,19.733
2925,49.733,19.6
2926,49.867,19.5
2927,49.983,19.433
2928,52.067,15.767
2929,49.633,19.533
2930,49.683,19.65
2931,49.95,19.433
2932,49.933,19.8
2933,50.117,19.65
2934,50.083,19.8
2935,50.183,19.833
2936,50.067,19.967
2937,50.083,20.033
2938,49.6,19.933
2939,49.6,19.95
2940,49.65,20.05
2941,49.7,20.033
2942,49.783,19.917
2943,49.883,20.083
2944,49.9,20.2
2945,49.983,20.433
2946,49.608,19.95
2947,49.667,20.067
2948,49.717,19.967
2949,49.733,19.95
2950,49.817,20.117
2951,49.867,20.3
2952,50.167,20.5
2953,50.067,20.7
2954,50.317,20.4
2955,50.217,20.583
2956,49.3,19.833
2957,49.383,19.817
2958,49.477,20.005
2959,49.485,20.038
2960,49.383,20.35
2961,49.433,20.417
2962,49.55,20.567
2963,49.627,20.686
2964,49.8,20.683
2965,49.967,20.867
2966,50.117,20.85
2967,49.267,19.867
2968,49.467,19.967
2969,49.45,19.983
2970,49.317,19.967
2971,50.867,15.817
2972,49.417,20.017
2973,49.333,20
2974,49.25,20.117
2975,49.417,20.117
2976,49.4,20.3
2977,49.417,20.483
2978,49.517,20.383
2979,49.333,20.883
2980,49.35,20.883
2981,49.417,20.717
2982,49.567,20.65
2983,49.483,20.667
2984,49.517,20.85
2985,49.625,20.696
2986,49.633,20.7
2987,49.667,20.633
2988,49.75,20.333
2989,49.733,20.617
2990,49.617,20.933
2991,49.783,20.967
2992,49.983,20.933
2993,50.717,20.283
2994,50.733,20.417
2995,50.5,20.517
2996,50.333,20.667
2997,50.8,20.3
2998,50.8,20.8
2999,50.75,20.617
3000,50.767,20.45
3001,50.867,20.717
3002,50.833,20.533
3003,50.3,21.217
3004,50.667,21.017
3005,50.55,21.167
3006,50.433,21.283
3007,50.667,21.067
3008,50.45,21.167
3009,51.617,15.317
3010,49.5,21.483
3011,49.6,21.517
3012,49.717,21.45
3013,49.767,21.4
3014,49.983,21.3
3015,50.1,21.467
3016,50.267,21.433
3017,50.283,21.4
3018,49.583,21.033
3019,49.7,21.217
3020,49.717,21.433
3021,49.567,18.883
3022,49.65,21.167
3023,49.567,21.7
3024,49.7,21.633
3025,49.75,21.467
3026,50.05,21.333
3027,50.1,21.483
3028,50.65,21.433
3029,50.583,21.567
3030,50.333,21.917
3031,50.617,21.9
3032,49.217,22.633
3033,49.233,22.55
3034,49.467,22.317
3035,49.55,22.217
3036,49.783,22.233
3037,49.783,22.767
3038,49.883,22.883
3039,49.95,22.833
3040,50.017,22.7
3041,50.133,22.6
3042,50.233,22.5
3043,50.517,22.183
3044,50.667,21.933
3045,49.183,22.683
3046,49.3,22.567
3047,49.2,22.333
3048,49.3,22.417
3049,49.183,22.417
3050,49.417,22.317
3051,49.4,22.15
3052,49.5,22.267
3053,49.65,22.633
3054,49.767,22.817
3055,49.933,22.917
3056,50.867,15.8
3057,50,22.933
3058,50.15,23.117
3059,50.1,22.883
3060,49.483,21.9
3061,49.583,21.95
3062,49.683,21.767
3063,49.867,21.817
3064,50.033,22.017
3065,49.567,22.067
3066,49.667,21.85
3067,49.833,21.8
3068,49.967,22.417
3069,50.083,22.483
3070,49.983,22.533
3071,50.317,22.35
3072,50.383,22.95
3073,50.433,22.733
3074,50.467,22.467
3075,50.533,22.717
3076,50.5,22.783
3077,50.583,22.133
3078,50.733,21.783
3079,50.833,15.6
3080,51,21.867
3081,51.1,20.85
3082,51.067,21.017
3083,51.017,21.2
3084,50.95,21.267
3085,51.033,21.667
3086,50.967,21.083
3087,50.967,21.25
3088,50.883,15.717
3089,51.4,22.083
3090,50.6,22.967
3091,50.867,23.1
3092,50.983,23.167
3093,51.133,23
3094,51.483,22.633
3095,51.567,22
3096,50.771,22.926
3097,50.933,15.6
3098,50.8,23.1
3099,50.9,23.183
3100,50.933,23.267
3101,51.15,22.933
3102,51.3,22.967
3103,51.3,22.683
3104,51.633,22.767
3105,51.55,15.55
3106,51.667,22.55
3107,51.633,22.9
3108,51.717,22.533
3109,51.533,22.383
3110,51.45,20.883
3111,51.633,21.35
3112,51.467,21.183
3113,51.667,21.75
3114,51.85,21.45
3115,50.617,19.817
3116,51.083,19.867
3117,51.533,20.133
3118,51.6,20.567
3119,51.65,20.95
3120,50.617,19.783
3121,50.942,19.961
3122,51.3,19.967
3123,51.117,20.467
3124,51.35,19.783
3125,51.517,19.933
3126,51.517,20.55
3127,51.2,15.383
3128,52.133,21.317
3129,52.15,21.267
3130,52.05,21.033
3131,52.917,23.517
3132,52.95,22.95
3133,53.217,22.533
3134,53.2,22.4
3135,53.183,22.083
3136,53.217,21.85
3137,53.083,21.567
3138,50.983,15.383
3139,52.85,23.717
3140,53.167,23.017
3141,53.233,23.467
3142,53.667,23.117
3143,53.6,22.917
3144,53.483,22.633
3145,53.267,22.45
3146,51.6,15.283
3147,53.983,22.783
3148,53.9,22.967
3149,53.767,22.583
3150,53.717,22.7
3151,54.017,22.217
3152,53.55,22.583
3153,53.367,22.433
3154,53.383,21.783
3155,53.283,21.867
3156,53.683,21.5
3157,53.133,21.8
3158,53.383,21.333
3159,53.3,21.1
3160,52.883,21.533
3161,53.033,21.15
3162,52.85,21.1
3163,50.833,24.033
3164,51.55,23.567
3165,52.4,22.55
3166,52.583,21.45
3167,51.517,23.517
3168,52.1,23.467
3169,52.65,23.033
3170,52.733,22.817
3171,52.5,21.667
3172,52.4,21.333
3173,52.217,20.233
3174,52.067,19.65
3175,52.133,20.133
3176,52.317,20.35
3177,52.65,19.533
3178,53.417,19.583
3179,53.25,19.4
3180,53.05,18.917
3181,53.267,19.817
3182,53.417,19.683
3183,53.8,17.4
3184,53.567,17.9
3185,53.833,18.083
3186,53.433,19.133
3187,53.433,19.1
3188,53.967,18.233
3189,53.85,18.75
3190,54.25,18.167
3191,53.717,18.9
3192,54.067,19.65
3193,53.733,20.2
3194,54.017,20.383
3195,54.25,21
3196,54.217,21.083
3197,54.217,21.1
3198,54.3,22.367
3199,54.233,22.017
3200,51.1,18.867
3201,51.6,18.733
3202,50.817,18.65
3203,51.383,18.75
3204,51.433,18.967
3205,51.45,18.933
3206,51.45,18.983
3207,52.083,18.817
3208,52.217,17.733
3209,51.3,18.15
3210,51.717,18.1
3211,51.899,17.954
3212,51.267,18.133
3213,51.633,18.067
3214,49.983,18.283
3215,52.083,16.633
3216,52.233,16.85
3217,52.15,16.533
3218,52.317,16.95
3219,52.767,17.083
3220,52.667,16.833
3221,52.8,16.833
3222,52.6,16.583
3223,52.25,15.917
3224,52.5,15.433
3225,52.4,18.5
3226,52.8,18.083
3227,53.05,16.717
3228,52.85,15.833
3229,52.6,18.033
3230,52.85,17.717
3231,50.2,18.417
3232,53.367,16.783
3233,53.15,16.733
3234,53.7,16.683
3235,53.25,16.75
3236,53.267,16.6
3237,53.517,15.8
3238,52.883,15.967
3239,52.8,14.833
3240,53.267,14.85
3241,53.55,14.817
3242,53.2,15.133
3243,53.367,15.167
3244,53.617,15.6
3245,53.767,15.383
3246,54.05,15.267
3247,53.9,16.067
3248,54,15.967
3249,54.083,15.7
3250,50.283,18.667
3251,54.267,16.867
3252,54.433,16.6
3253,50.117,18.217
3254,54.167,16.9
3255,54.233,16.717
3256,54.467,17.033
3257,50.35,18.233
3258,54.417,17.417
3259,54.65,17.2
3260,50.3,18.717
3261,54.65,17.55
3262,54.6,18.217
3263,50.3,17.783
3264,50.433,17.9
3265,50.567,18.617
3266,50.65,18.333
3267,50.733,18.067
3268,50.15,16.65
3269,50.433,16.65
3270,51.4,16.433
3271,50.367,16.667
3272,50.417,16.567
3273,50.55,16.433
3274,50.483,16.567
3275,50.317,17.367
3276,50.95,17.85
3277,50.85,17.867
3278,50.933,17.283
3279,50.8,16.883
3280,52.033,15.6
3281,50.9,16.583
3282,51.117,16.833
3283,50.767,16.583
3284,52.05,14.883
3285,50.95,16.483
3286,51.017,15.883
3287,51.133,16.017
3288,51.15,16.067
3289,52.333,14.55
3290,51.267,15.933
3291,51.567,17.667
3292,41.71,-7.71
3293,41.513,-7.893
3294,41.498,-7.754
3295,41.401,-7.463
3296,40.941,-8.18
3297,40.733,-8.112
3298,40.666,-7.681
3299,40.503,-7.823
3300,40.612,-7.521
3301,40.505,-7.379
3302,38.958,-8.522
3303,38.394,-7.376
3304,38.063,-8.404
3305,38.167,-7.412
3306,44.192,21.784
3307,44.27,21.541
3308,44.484,21.65
3309,44.28,22.146
3310,43.877,21.947
3311,43.576,22.259
3312,43.784,22.306
3313,43.892,22.293
3314,44.966,19.602
3315,44.34,20.081
3316,44.371,20.199
3317,43.724,21.374
3318,43.859,21.404
3319,44.07,21.197
3320,44.585,21.132
3321,43.871,20.119
3322,43.776,20.627
3323,43.609,21.295
3324,43.012,22.77
3325,43.233,22.323
3326,43.326,21.908
3327,66.95,30.383
3328,66.2,32.9
3329,65.38,34.23
3330,65.22,31.15
3331,64.15,32.38
3332,64.75,34.7
3333,64.25,35.43
3334,63.92,36.22
3335,63.71,37.45
3336,60.53,39.55
3337,61.57,38.28
3338,62.133,38.567
3339,63.717,39.617
3340,64.383,39.4
3341,59.43,40.22
3342,59.967,42.767
3343,60.667,45.867
3344,60.55,40.42
3345,60.1,40.783
3346,59.12,39.67
3347,60.38,44.13
3348,59.983,45.817
3349,60.267,47.083
3350,60.583,46.433
3351,60.717,47.567
3352,62.233,48.883
3353,61.117,47.9
3354,61.117,42.183
3355,62.517,42.333
3356,61.2,41.85
3357,61.583,43.933
3358,62.25,42.67
3359,62.97,40.32
3360,63.317,41.4
3361,63.467,40.317
3362,63.583,45.6
3363,64.717,43.483
3364,64.3,40.133
3365,64.717,40.783
3366,64.967,40.5
3367,65.667,40.417
3368,64.967,43.517
3369,65.783,43.367
3370,65.383,41.85
3371,65.367,41.85
3372,63.633,49.45
3373,64.167,48.833
3374,64.917,45.95
3375,65.667,47.667
3376,65.817,45.1
3377,66.5,48.25
3378,64.77,51.1
3379,67.033,51.133
3380,67.03,51.15
3381,61.867,38.783
3382,62.23,39.45
3383,63.867,38.517
3384,63.817,38.467
3385,65,45.617
3386,69.517,31.167
3387,69.54,32
3388,69.267,32.8
3389,68.567,31.717
3390,68.533,28.917
3391,68.663,30.176
3392,68.717,30.333
3393,68.833,33.083
3394,68.617,33.283
3395,68.1,35.1
3396,67.83,36.83
3397,67.35,37.033
3398,67.133,39.667
3399,66.53,40.55
3400,66.133,37.75
3401,66.4,36.633
3402,66.47,35.316
3403,66.63,34.8
3404,66.683,34.317
3405,67.08,33.7
3406,67.617,31.517
3407,67.56,31.01
3408,67.967,32.867
3409,59.55,30.9
3410,60.483,33.567
3411,60.25,33.333
3412,59.683,33.3
3413,59.367,31.267
3414,57.833,31.85
3415,56.35,30.517
3416,56.717,28.65
3417,54.65,21.067
3418,56.667,33.833
3419,56.267,34.333
3420,56.5,34.933
3421,57.1,34.967
3422,56.933,35.467
3423,56.45,35.617
3424,56.283,35.933
3425,56.533,37.617
3426,57.633,38.5
3427,57.85,38.267
3428,58,38.083
3429,58.65,37
3430,57.65,36.4
3431,58.85,36.433
3432,59.183,35.133
3433,59.15,35.583
3434,58.9,34.383
3435,59.217,35.65
3436,59.9,36
3437,59.367,36.8
3438,59.5,35.633
3439,59.35,37.167
3440,59.283,38
3441,60.167,38.367
3442,59.55,38.033
3443,59.583,37.667
3444,59.917,37.717
3445,60.217,36.967
3446,60.6,36.817
3447,60.8,37.667
3448,60.517,37.6
3449,60.633,38.05
3450,58.833,39.333
3451,57.983,38.883
3452,57.933,39.5
3453,57.75,39.567
3454,57.3,39.833
3455,58.017,40.467
3456,58.267,40.467
3457,59.067,42.3
3458,58.483,41.533
3459,58.45,41.68
3460,58.35,41.633
3461,58.25,41.25
3462,58.35,40.8
3463,58.1,41.067
3464,57.667,41.25
3465,57.5,41.167
3466,57.4,41.267
3467,57.317,41.833
3468,57.35,42.167
3469,57.717,42.25
3470,57.8,43.283
3471,58.817,44.317
3472,58.333,44.783
3473,57.883,43.833
3474,59.083,43.3
3475,58.733,45.017
3476,58.467,45.1
3477,58.483,43.417
3478,58,43.7
3479,57.733,44.433
3480,57.5,43.833
3481,57.067,43.317
3482,56.85,43.65
3483,56.533,44.1
3484,52.533,36.017
3485,52.983,36.083
3486,53.817,36.15
3487,54.5,36.267
3488,54.833,38.15
3489,54.467,40.217
3490,52.7,35.8
3491,52.9,35.783
3492,53.033,36.233
3493,52.967,37.083
3494,53.417,36.533
3495,52.933,36.917
3496,53.433,36.017
3497,53.95,37.033
3498,53.967,37.45
3499,53.883,35.083
3500,54.333,35.8
3501,54.667,35.933
3502,54.833,36.283
3503,55.05,36.6
3504,54.8,38.85
3505,55.733,36.85
3506,55.817,37.1
3507,55.2,38.317
3508,54.267,40.083
3509,54.25,38.833
3510,54.817,40.333
3511,55.533,40.25
3512,55.117,40.95
3513,54.633,43.2
3514,54.417,42.283
3515,54.3,42.583
3516,53.75,41.8
3517,52.417,41.433
3518,53.55,42.667
3519,55.533,42.5
3520,55.67,43.12
3521,55.8,41.733
3522,56.133,40.417
3523,56.383,41.3
3524,56.1,40.1
3525,57,42.25
3526,57.083,44.583
3527,56.65,44.667
3528,58.783,45.683
3529,57.183,45.133
3530,59.383,46.667
3531,57.533,44.783
3532,52.4,38.917
3533,51,39.5
3534,52.633,38.517
3535,52.567,39.567
3536,51.083,40.083
3537,46.681,15.996
3538,46.648,16.054
3539,46.536,16.484
3540,46.471,14.853
3541,46.578,15.026
3542,46.455,15.156
3543,46.568,15.042
3544,46.612,15.164
3545,46.559,15.428
3546,46.381,15.386
3547,46.32,15.675
3548,46.414,16.034
3549,46.435,14.051
3550,46.393,14.086
3551,46.278,13.887
3552,46.274,13.954
3553,46.34,14.165
3554,46.084,14.582
3555,46.056,14.823
3556,46.358,14.3
3557,46.307,14.499
3558,46.224,14.618
3559,46.233,14.63
3560,45.464,14.852
3561,45.634,15.323
3562,45.615,15.243
3563,45.966,14.305
3564,46.055,14.544
3565,45.957,14.309
3566,45.95,14.344
3567,46.049,14.443
3568,45.794,14.365
3569,45.731,14.192
3570,45.829,14.264
3571,46.42,14.693
3572,46.321,14.952
3573,46.154,15.234
3574,46.285,14.9
3575,46.376,15.048
3576,46.321,15.043
3577,46.374,15.066
3578,46.239,15.095
3579,45.877,14.786
3580,45.868,15.291
3581,45.864,15.456
3582,45.815,15.109
3583,46.247,13.587
3584,46.31,13.478
3585,46.128,13.794
3586,46.095,13.833
3587,46.156,13.776
3588,45.842,13.962
3589,45.885,13.741
3590,45.894,13.905
3591,45.655,14.061
3592,45.533,13.876
3593,49.069,18.361
3594,48.911,18.164
3595,48.717,17.789
3596,48.875,18.642
3597,48.818,18.642
3598,48.83,18.479
3599,48.316,18.354
3600,48.794,19.584
3601,48.846,19.606
3602,48.855,19.635
3603,48.836,19.507
3604,48.563,19.135
3605,48.484,18.717
3606,48.299,19.743
3607,48.326,19.665
3608,48.235,19.51
3609,48.157,18.972
3610,48.819,20.371
3611,48.797,20.391
3612,48.71,20.476
3613,48.669,20.361
3614,48.684,19.94
3615,48.513,19.906
3616,49.28,20.178
3617,49.068,20.278
3618,49.081,20.321
3619,49,20.311
3620,48.955,20.794
3621,48.869,20.349
3622,48.852,21.227
3623,48.605,21.346
3624,48.624,21.003
3625,48.588,20.862
3626,49.302,21.568
3627,49.305,21.574
3628,48.999,21.746
3629,64.495,13.983
3630,59.951,12.2
3631,56.665,14.125
3632,66.172,21.812
3633,57.434,13.135
3634,62.601,12.177
3635,56.696,13.152
3636,63.467,12.811
3637,63.193,13.14
3638,58.79,11.655
3639,63.643,16.757
3640,66.695,18.809
3641,67.768,19.98
3642,66.459,22.78
3643,63.435,18.302
3644,56.144,13.11
3645,60.066,13.528
3646,63.184,13.125
3647,65.418,20.391
3648,57.481,18.2
3649,57.419,13.631
3650,56.697,16.142
3651,66.023,21.971
3652,57.241,14.592
3653,63.519,15.393
3654,59.535,15.117
3655,56.221,15.525
3656,57.241,12.313
3657,59.665,16.785
3658,59.197,15.248
3659,64.903,21.074
3660,64.836,20.989
3661,60.223,15.071
3662,62.089,16.788
3663,65.753,16.203
3664,57.758,12.398
3665,58.034,15.661
3666,60.739,14.127
3667,58.358,13.354
3668,61.359,14.027
3669,62.243,14.834
3670,66.132,17.155
3671,63.704,19.598
3672,67.433,22.52
3673,66.876,18.212
3674,61.309,13.074
3675,61.364,15.529
3676,62.842,15.665
3677,66.172,22.821
3678,41.428,27.1
3679,41.21,27.118
3680,38.936,30.502
3681,38.659,31.048
3682,39.529,30.049
3683,40.089,30.844
3684,40.625,30.331
3685,39.322,31.336
3686,40.188,31.658
3687,40.575,30.86
3688,40.284,32.921
3689,40.965,30.51
3690,40.09,31.906
3691,40.856,30.986
3692,41.642,33.301
3693,41.17,32.643
3694,40.896,31.967
3695,40.742,32.251
3696,40.478,36.999
3697,40.434,36.118
3698,40.312,37.129
3699,41.095,34.427
3700,40.904,33.774
3701,37.173,32.209
3702,36.404,33.816
3703,36.176,32.896
3704,37.866,36.059
3705,36.503,36.411
3706,36.251,36.353
3707,36.198,36.157
3708,40.196,27.034
3709,41.151,28.473
3710,40.309,27.273
3711,39.961,28.516
3712,39.625,29.464
3713,40.076,27.97
3714,40.264,28.406
3715,40.281,28.936
3716,39.462,29.258
3717,39.572,27.19
3718,38.89,27.769
3719,38.77,27.667
3720,38.699,28.7
3721,38.723,28.555
3722,38.645,27.442
3723,38.753,28.48
3724,38.641,28.72
3725,37.98,28.72
3726,37.421,28.131
3727,37.783,27.84
3728,37.948,28.744
3729,36.491,30.074
3730,37.094,29.103
3731,37.144,31.199
3732,36.979,31.609
3733,36.698,31.727
3734,48.587,23.445
3735,48.67,23.338
3736,48.746,23.352
3737,48.675,23.311
3738,48.662,23.324
3739,49.025,25.785
3740,45.007,34.879
3741,45.047,34.61
3742,44.83,33.945
3743,44.885,34.2
3744,44.693,33.895
3745,44.627,33.866
3746,47.97,32.45
3747,48.533,32.233
3748,47.936,31.719
3749,48.183,31
3750,48.48,30.72
3751,48.77,30.98
3752,49.25,30.82
3753,48.15,30.817
3754,47.92,30.78
3755,48.332,23.927
3756,48,24.1
3757,48.063,24.437
3758,48.1,22.83
3759,50.83,24.32
3760,49.314,29.013
3761,50.37,24.23
3762,50.05,23.97
3763,50.33,24.22
3764,50.232,23.842
3765,49.963,24.606
3766,50.62,24.18
3767,50.103,24.358
3768,49.878,24.946
3769,49.8,23.23
3770,51.75,24.683
3771,49.115,28.256
3772,51.85,25.483
3773,51.229,24.25
3774,51.433,24.433
3775,51.026,24.31
3776,51.217,24.683
3777,51.017,25.067
3778,51.75,25.483
3779,50.271,25.034
3780,50.75,25.317
3781,51.618,25.933
3782,49.327,28.095
3783,50.15,24.763
3784,50.124,25.664
3785,49.95,26.233
3786,50.423,26.537
3787,50.85,26.033
3788,51.269,26.256
3789,49.928,27.765
3790,50.583,27.617
3791,51.317,26.617
3792,50.55,27.8
3793,49.593,27.618
3794,50.55,27.6
3795,50.983,27.683
3796,51.383,27.883
3797,50.933,28.633
3798,51.25,29.15
3799,49.907,28.093
3800,50.241,28.648
3801,50.917,29.9
3802,50.15,28.533
3803,48.1,30.67
3804,49.911,28.982
3805,50.594,28.447
3806,50.767,29.367
3807,50.283,30.017
3808,51.717,33.133
3809,51.517,31.35
3810,50.7,30.733
3811,51.967,33.483
3812,51.783,32.951
3813,51.645,32.652
3814,48.52,29.38
3815,51.417,33.483
3816,51.4,33.717
3817,51.817,31.933
3818,51.567,31.183
3819,50.183,30.283
3820,50.362,31.34
3821,50.054,31.46
3822,50.317,31.467
3823,49.507,29.345
3824,49.642,29.945
3825,49.55,27.88
3826,49.417,31.283
3827,49.733,31.85
3828,49.35,31.533
3829,49.664,32.047
3830,50.853,34.112
3831,50.733,33.5
3832,50,33.017
3833,50.767,33.467
3834,50.6,32.383
3835,50.3,32.417
3836,49.37,27.25
3837,49.933,32.9
3838,49.817,32.633
3839,49.183,31.933
3840,49.225,31.74
3841,50.9,34.8
3842,50.367,34.017
3843,49.217,33.567
3844,49.967,33.6
3845,49.483,33.983
3846,50.3,34.85
3847,47.2,30.917
3848,49.15,34.2
3849,50.15,35.517
3850,49.098,36.248
3851,48.933,34.483
3852,49.283,35.1
3853,48.517,36.45
3854,48.667,35.667
3855,48.517,36.117
3856,48.217,36.017
3857,48.05,36.717
3858,48.217,28.483
3859,48.15,36.817
3860,47.917,36.183
3861,48.417,35.867
3862,48.75,34.967
3863,48.367,34.483
3864,47.483,36.25
3865,48.617,33.15
3866,48.183,33.367
3867,50.3,36.85
3868,49.817,36.683
3869,48.304,28.179
3870,49.667,36.367
3871,49.244,36.938
3872,49.183,37.283
3873,49.083,37.45
3874,48.883,37.783
3875,48.917,38.467
3876,48.583,39.8
3877,50.292,36.935
3878,50.03,35.965
3879,49.867,36.283
3880,48.988,27.891
3881,50.335,36.19
3882,50.083,36.383
3883,49.7,37.633
3884,48.573,37.461
3885,48.583,37.617
3886,48.833,37.417
3887,48.6,38
3888,48.867,38.1
3889,49.017,37.95
3890,49.117,38.167
3891,48.6,27.617
3892,49.7,39.033
3893,49.247,38.896
3894,48.788,39.259
3895,48.567,38.517
3896,48.583,38.95
3897,48.583,39.3
3898,48.5,39.283
3899,49.208,39.578
3900,47.251,35.725
3901,46.8,36.2
3902,48.842,27.279
3903,46.733,36.35
3904,47.033,36.9
3905,46.917,36.817
3906,47.917,37.85
3907,47.609,38.024
3908,47.183,37.717
3909,47.333,37.467
3910,47.117,37.583
3911,47.332,37.487
3912,48.783,27.083
3913,48.178,38.599
3914,47.938,38.94
3915,47.943,39.136
3916,48.169,38.13
3917,47.9,38.483
3918,48.076,38.404
3919,49.083,27.067
3920,48.833,26.9
3921,48.633,26.65
3922,48.65,26.6
3923,49.1,26.583
3924,48.583,26.45
3925,48.961,26.365
3926,48.583,26.333
3927,49.533,26.15
3928,48.767,26
3929,49.483,25.6
3930,49.067,25.4
3931,49.55,25.217
3932,48.95,25.183
3933,49.27,25.145
3934,49.05,25.033
3935,49.433,24.95
3936,48.626,24.211
3937,48.9,24.85
3938,48.576,24.434
3939,49.183,24.733
3940,49.024,24.546
3941,48.899,24.065
3942,49.076,24.551
3943,48.566,24.014
3944,49.25,24.483
3945,49.05,23.767
3946,49.027,23.884
3947,49.217,24.199
3948,48.791,23.773
3949,49.005,23.454
3950,48.841,23.447
3951,49.033,23.517
3952,49.137,23.28
3953,49.15,23.067
3954,48.914,23.13
3955,49.647,23.861
3956,49.35,23.567
3957,49.464,23.39
3958,49.633,23.7
3959,49.617,23.383
3960,49.533,22.85
3961,49.506,23.222
3962,49.328,22.978
3963,47.983,25.083
3964,48.149,24.759
3965,48.15,24.85
3966,48.021,24.912
3967,48.117,25
3968,48.474,25.363
3969,48.475,24.581
3970,48.312,25.919
3971,48.339,24.577
3972,48.2,24.583
3973,48.159,25.717
3974,48.617,22.317
3975,48.77,22.499
3976,48.989,22.63
3977,48.48,22.52
3978,48.456,22.21
3979,48.45,22.72
3980,48.55,23
3981,48.751,23.013
3982,48.366,23.286
3983,48.72,23.37
3984,48.67,23.35
3985,57.05,-2.602
3986,56.515,-3.386
3987,56.36,-4.001
3988,56.225,-3.949
3989,54.603,-7.288
3990,55.013,-6.621
3991,55.164,-6.522
3992,55.592,-2.797
3993,55.65,-2.256
3994,55.485,-2.546
3995,55.333,-1.631
3996,54.977,-2.225
3997,54.685,-1.817
3998,54.503,-1.313
3999,54.505,-1.947
4000,53.978,-0.333
4001,53.907,-1.98
4002,54.26,-0.918
4003,54.154,-1.349
4004,53.055,-1.782
4005,52.927,-1.472
4006,53.371,0.01
4007,52.408,-0.555
4008,52.254,-0.308
4009,52.132,-0.957
4010,52.576,0.533
4011,52.137,0.797
4012,51.898,0.852
4013,51.803,-0.14
4014,51.774,0.074
4015,51.414,-0.307
4016,51.41,-1.324
4017,51.754,-1.823
4018,51.414,-1.538
4019,51.202,0.517
4020,51.258,1.033
4021,51.067,-0.487
4022,51.087,-1.18
4023,50.989,-1.335
4024,51.302,-1.809
4025,50.795,-2.522
4026,50.688,-3.293
4027,50.581,-3.897
4028,50.412,-4.331
4029,50.393,-5.055
4030,50.946,-4.136
4031,51.084,-2.585
4032,51.137,-3.114
4033,51.321,-2.372
4034,52.383,-2.32
4035,52.314,-2.591
4036,51.908,-2.324
4037,52.678,-2.79
4038,52.385,-2.341
4039,52.276,-2.932
4040,52.297,-3.502
4041,51.919,-2.851
4042,51.651,-3.331
4043,52.045,-4.561
4044,52.6,-3.853
4045,53.009,-4.099
4046,53.232,-3.341
4047,52.863,-3.673
4048,53.242,-2.498
4049,52.984,-2.517
4050,53.777,-2.627
4051,54.31,-2.581
4052,54.28,-2.754
4053,54.296,-3.235
4054,54.882,-2.917
4055,55.167,-3.449
4056,55.148,-3.69
4057,55.392,-4.078
4058,57.4,-3.355
4059,54.957,-4.48
4060,56.34,-4.717
4061,55.996,-4.978
4062,57.761,-5.6
